"id";"added_by";"added_on";"name";"active";"pending";"suspend_operation";"suspended_at"
72;0;"";"Wok Bistro Noodles Bar and Grill (TEST)";"Y";"n";0;0
73;0;"";"Sushi Help (TEST)";"N";"n";0;0
79;0;"";"Oriental Chu Shing Restaurant";"N";"n";0;0
81;0;"";"Pizza Shark";"N";"n";0;0
82;0;"";"Cedar Valley";"N";"n";0;0
87;0;"";"Kanata Noodle House dropped";"N";"n";0;0
89;0;"";"Imilio's Pizzeria";"Y";"n";0;0
90;0;"";"Lucky Star Chinese Food";"Y";"n";0;0
91;0;"";"Ho Ho Restaurant";"N";"n";0;0
92;0;"";"Salito Gourmet Specialty Pizza (DROPPED)";"N";"n";0;0
93;0;"";"Hello Sushi Man";"N";"n";0;0
94;0;"";"Mama Rosa";"Y";"n";1;1757638565
95;18;"";"Papa Joe's Pizza - Downtown";"Y";"n";0;0
96;18;"";"Kal's Place Restaurant";"N";"n";0;0
101;18;"";"New Mee Fung Restaurant";"Y";"n";0;0
109;18;"";"Papa Joe's Pizza - Greely & Findlay Creek";"Y";"n";0;0
110;18;"";"Papa Joe's Pizza ( now house of pizza only)";"N";"n";0;0
111;18;"";"Papa Joe's Pizza";"N";"n";0;0
112;18;"";"Milano INACTIVE Baxter - Iris - Cobden 3";"Y";"n";0;0
113;18;"";"Gladstone Golden Grill (Dropped)";"N";"n";0;0
114;18;"";"Pizza Lime";"Y";"n";0;0
117;11;"";"House of Lasagna";"Y";"n";0;0
118;18;"";"Pita Pit";"N";"n";0;0
120;21;"";"Villa Pizzeria N The Greek Place";"N";"n";0;0
121;21;"";"Mandarin Court ( closed sold)";"N";"n";0;0
122;21;"";"Hungry Sammys(sold)";"N";"n";0;0
123;21;"";"New Shawarma King";"N";"n";0;0
124;21;"";"Eastview Pizza";"Y";"n";0;0
125;21;"";"Pizza Palace And Cafe (dropped)";"N";"n";0;0
126;21;"";"Vanier Grill";"N";"n";0;0
127;21;"";"Milano";"Y";"n";0;0
128;21;"";"NY Pizza";"N";"n";1;1670550626
130;21;"";"Bien Pho Vietnamese and Thai Cuisine";"Y";"n";1;1717200590
131;21;"";"Pizza Express Extra";"N";"n";0;0
132;21;"";"Mozza Pizza Gatineau";"Y";"n";0;0
133;21;"";"Taj Indian Cuisine";"N";"n";0;0
134;21;"";"House of Pizza";"Y";"n";0;0
135;21;"";"Preston Pizza (CHANGED TO XTREME PIZZA)";"N";"n";0;0
136;21;"";"Lemon Grass Thai Food";"N";"n";0;0
137;21;"";"Yang Sheng Restaurant";"N";"n";0;1664759575
138;21;"";"East India Co";"N";"n";0;0
140;21;"";"Cypress Garden";"Y";"n";0;1738778869
141;21;"";"Liu's Cuisine (DROPPED)";"N";"n";0;0
142;21;"";"Kiki Lebanese Pineview Pizza";"Y";"n";0;0
143;21;"";"Bobbie's Pizza & Subs";"Y";"n";0;0
144;18;"";"Koi Asia (CLOSED)";"N";"n";0;0
145;21;"";"Mr Mozzarella - Nepean";"Y";"n";0;1736701488
146;21;"";"Merivale Pizza & Wings";"Y";"n";0;0
150;21;"";"Mom's Chicken";"N";"n";0;0
151;21;"";"Shawarma House";"N";"n";0;0
153;21;"";"Dino's & Donald's Pizza";"N";"n";0;0
154;18;"";"Wing Hing Chinese Food";"N";"n";0;0
155;21;"";"Greekos";"N";"n";0;0
157;21;"";"House of Pizza";"Y";"n";0;0
161;21;"";"Milano";"Y";"n";0;0
162;21;"";"House of Pizza";"N";"n";0;0
164;21;"";"Milano";"Y";"n";0;0
171;21;"";"Greekos Souvlaki & Pizza (closed)";"N";"n";0;0
172;21;"";"Milano";"Y";"n";0;0
173;21;"";"Roulas Grecque et Pizza";"Y";"n";0;0
174;21;"";"Joe's Pizza and Subs";"N";"n";0;0
175;21;"";"Vanier Pizza & Subs";"Y";"n";0;0
177;21;"";"Mr Mozzarella York";"N";"n";0;0
178;21;"";"Willie's Chinese Food";"N";"n";0;0
179;21;"";"Number One Chinese Take Out";"Y";"n";0;0
180;21;"";"Elegant Pizza (Dropped)";"N";"n";0;0
181;21;"";"Milano ( dropped)";"N";"n";0;0
182;21;"";"Pizzeria Riverview";"N";"n";0;0
183;21;"";"Aylmer BBQ";"Y";"n";0;0
184;21;"";"Papa Pizza - Hull";"Y";"n";0;0
186;21;"";"Shawarma and Souvlaki House";"N";"n";0;0
187;21;"";"Cathay Restaurants";"Y";"n";0;0
188;21;"";"Naked Fish Sushi";"N";"n";0;0
189;21;"";"Andiamo Pizzeria";"Y";"n";0;0
190;21;"";"Milano";"Y";"n";0;0
191;18;"";"Benji's Vietnamese Cuisine (closed)";"N";"n";0;0
192;18;"";"Lorenzo's Pizzeria - Vanier";"Y";"n";0;0
193;18;"";"House Of Georgie - 'Sorento's'";"Y";"n";0;0
194;21;"";"Le Maillon Restaurant(sold)";"N";"n";0;0
195;21;"";"Pizza la Cite";"N";"n";0;0
197;21;"";"Lunasole Restaurant & Bar (Dropped)";"N";"n";0;0
198;21;"";"Wei's Noodle House";"N";"n";0;0
199;21;"";"Season's Pizza";"Y";"n";0;0
200;21;"";"The Original Georgie's";"Y";"n";0;0
201;21;"";"Festival Japan";"N";"n";0;0
202;21;"";"Popeye The Chef ( closed)";"N";"n";0;0
203;21;"";"Champa Thai Cuisine";"Y";"n";0;0
204;21;"";"Milano";"Y";"n";0;0
205;21;"";"Milano";"Y";"n";0;0
206;21;"";"Milano";"Y";"n";0;0
207;21;"";"Milano";"Y";"n";1;1752389946
208;21;"";"Milano";"Y";"n";0;0
209;21;"";"Milano";"Y";"n";0;0
210;21;"";"Milano INACTIVE";"Y";"n";0;0
211;21;"";"Milano";"Y";"n";0;0
212;1;"";"Pho Thu Do (dropped)";"N";"n";0;0
213;21;"";"Milano";"Y";"n";0;0
215;21;"";"Milano INACTIVE";"Y";"n";0;0
216;1;"";"do_not_delete";"N";"n";0;0
217;21;"";"Bento Sushi (DROPPED)";"N";"n";0;0
218;21;"";"Madhuban Indian Cuisine";"N";"n";0;0
219;21;"";"Lemongrass Thai Cuisine";"Y";"n";0;0
221;21;"";"Golden India";"N";"n";0;0
223;21;"";"Spice Express";"N";"n";0;0
224;21;"";"Ginkgo Garden";"Y";"n";0;0
225;21;"";"Restaurant Le Choix";"Y";"n";0;0
226;21;"";"La Bella Pizza (closed)";"N";"n";0;0
227;21;"";"Familia Pizza";"N";"n";0;0
228;21;"";"Restaurant Chez Gerry";"Y";"n";0;0
229;21;"";"Pizza Mia (closed)";"N";"n";0;0
230;21;"";"Paesano's Pizzeria ( closed)";"N";"n";0;0
231;21;"";"Papa Pizza Des Flandres";"Y";"n";0;0
232;21;"";"New Hong Shing";"N";"n";0;0
234;21;"";"Restaurant Laspï¿½zia Cafï¿½";"N";"n";0;0
235;21;"";"Chillies Indian Restaurant";"N";"n";1;0
236;21;"";"El Greko";"N";"n";0;0
237;21;"";"Shawarma King";"Y";"n";0;0
238;21;"";"Mano City Pizza";"Y";"n";0;0
239;21;"";"Hung Mein";"Y";"n";0;0
240;21;"";"Piper's Pizzeria Bar & Grill ( dropped)";"N";"n";0;0
241;21;"";"Shawarma Rosana";"N";"n";0;0
242;21;"";"Chez Gaston Shawarma(stopped delivery)";"N";"n";0;0
245;21;"";"Milano";"Y";"n";0;0
246;21;"";"Carlo's Pizza";"Y";"n";0;0
247;21;"";"Roma Pizzeria";"N";"n";0;0
248;21;"";"Milano";"Y";"n";0;0
249;21;"";"Restaurant Basha";"N";"n";0;0
251;31;"";"Lac Vien Vietnamese Restaurant";"N";"n";0;0
253;21;"";"Shogun Japanese (closed)";"N";"n";0;0
254;21;"";"Gio Pizza";"N";"n";0;0
255;21;"";"Centertown Donair & Pizza";"Y";"n";0;0
256;21;"";"Shawarma De Roza";"N";"n";0;0
257;21;"";"Riverside Pizzeria";"Y";"n";0;0
258;21;"";"Sawa Sushi";"N";"n";0;0
259;21;"";"Malone's Lakeside Bar & Grill(dropped)";"N";"n";0;0
260;34;"";"Buffalo Bill";"N";"n";0;0
262;31;"";"Pho Dau Bo Restaurant - North York (dropped)";"N";"n";0;0
263;21;"";"Planet Pizza";"N";"n";0;0
264;21;"";"Pizza Bravo";"Y";"n";1;1757642363
265;18;"";"Pho Kinh Do Vietnamese Thai";"N";"n";0;0
273;21;"";"Golden Bowl Restaurant";"N";"n";0;0
274;21;"";"House of Greek (dropped)";"N";"n";0;0
275;21;"";"Tony's Pizza";"Y";"n";0;0
276;21;"";"Paradise Shawarma";"N";"n";0;0
277;34;"";"Pho Viet 24 (dropped)";"N";"n";0;0
278;34;"";"Pho Lien Hung";"N";"n";0;0
280;31;"";"Pho Dau Bo Restaurant - Kitchener";"N";"n";0;1678998689
281;21;"";"Lorenzo's Pizzeria - Pinecrest (closed)";"N";"n";0;0
283;34;"";"Porteree Pub & Restaurant (closed dropped)";"N";"n";0;0
284;21;"";"Miki's Pizzeria (Dropped)";"N";"n";0;0
285;21;"";"Rosabella Pizza (dropped changed to yessen)";"N";"n";0;0
286;34;"";"Pho Xua";"Y";"n";0;0
287;21;"";"Cafe Delish";"N";"n";0;0
288;21;"";"Habaybna  (dropped)";"N";"n";0;0
289;21;"";"Shawarma Rayan (DROPPED)";"N";"n";0;0
290;34;"";"Nhu Lan (dropped)";"N";"n";0;0
291;21;"";"Shawarma Station";"N";"n";0;0
292;21;"";"Silk Road Kabob House - Kanata ( closed)";"N";"n";0;0
293;21;"";"Ariana Kabab House(dropped)";"N";"n";0;0
294;21;"";"Hong Kong Chinese Food Takeout";"Y";"n";0;0
295;21;"";"OpenRice Asian Fusion & Lounge";"N";"n";0;0
296;21;"";"King Wok ( closed )";"N";"n";0;0
297;34;"";"Buffalo Bills Wings Laval";"N";"n";0;0
298;31;"";"Lac Vien Vietnamese Restaurant - Scarborough";"N";"n";0;0
299;31;"";"Lac Vien Vietnamese Restaurant";"N";"n";0;0
300;34;"";"Toto Pizzeria Lachine(DROPPED)";"N";"n";0;0
303;21;"";"Colonnade City Pizza";"N";"n";0;0
304;21;"";"Hockey Sushi (closed)";"N";"n";0;0
305;21;"";"Urban Turban";"N";"n";0;0
306;21;"";"Winner House";"N";"n";0;0
307;21;"";"La Shish (dropped)";"N";"n";0;0
310;34;"";"Pho Com Vietnam (moved dropped)";"N";"n";0;0
311;21;"";"Hao Sushi (On Hold)";"N";"n";0;0
312;21;"";"Lucky King Take Out";"Y";"n";0;0
313;21;"";"Indian Biriyani House";"N";"n";0;0
314;21;"";"Brother Wu";"N";"n";0;0
315;34;"";"Jwaya (DROPPED)";"N";"n";0;0
316;21;"";"Red Chili Garden ( closed )";"N";"n";0;0
317;34;"";"Pho Orchid dropped";"N";"n";0;0
318;21;"";"Indian Punjabi Clay Oven";"Y";"n";0;0
319;34;"";"Al-Amine (DROPPED)";"N";"n";0;0
320;34;"";"Metro Pizza (dropped)";"N";"n";0;0
321;21;"";"Forno's Pizzeria (Dropped)";"N";"n";0;0
322;21;"";"Eastern City Restaurant (sold)";"N";"n";0;0
323;21;"";"Charm Thai Cuisine";"Y";"n";0;0
324;21;"";"Yaseen Halal Pizza - Carling";"N";"n";0;0
325;21;"";"Pavarazzi";"N";"n";0;0
326;21;"";"Al's Diner ( dropped ) ";"N";"n";0;0
327;21;"";"Lai Lai Chinese Food";"N";"n";0;0
328;21;"";"Milano";"Y";"n";0;0
329;34;"";"Jardin Thai ( dropped)";"N";"n";0;0
330;34;"";"Pizza Dorval Express (dropped)";"N";"n";0;0
331;21;"";"test";"N";"n";0;0
332;21;"";"Silk Road Kabob House";"N";"n";0;0
333;21;"";"Chez Antonio Restaurant(sold now chez villa)";"N";"n";0;0
334;21;"";"Colonnade Pizza";"Y";"n";0;0
335;21;"";"Aahar The Taste of India";"N";"n";0;0
336;21;"";"Wing Wah Take Out & Delivery (closed)";"N";"n";0;0
337;21;"";"Pho Bo Ga King - Somerset";"Y";"n";0;0
339;21;"";"El-Indio Inc (CLOSED)";"N";"n";0;0
340;21;"";"Cheezy Pizza & Pasta";"N";"n";0;0
341;21;"";"Tandoori Fusion";"N";"n";0;0
342;18;"";"Chez Raffino (DROPPED)";"N";"n";0;0
343;21;"";"Du Barry Restaurant (CLOSED)";"N";"n";0;0
344;21;"";"Mont Liban Bakery & Shawarma";"Y";"n";0;0
345;34;"";"Maximo's Pizza & Donair (dropped sold )";"N";"n";0;0
346;21;"";"Papa Pizza Maloney";"Y";"n";0;0
347;34;"";"Buffalo Bill Wings Montreal";"N";"n";0;0
348;34;"";"Buffalo Bill";"N";"n";0;0
349;18;"";"Pizz'Ami (dropped)";"N";"n";0;0
350;18;"";"Erman Pizza";"Y";"n";0;0
351;34;"";"Roma Pizza and Donair (DROPPED)";"N";"n";0;0
352;21;"";"Poukham Thai Cuisine ( closed )";"N";"n";0;0
353;18;"";"Pizza Test";"N";"n";0;0
354;21;"";"Istanbouli Shawarma House";"N";"n";1;1646090683
355;21;"";"Willy's Pizza (DROPPED)";"N";"n";0;0
356;18;"";"Pizza Welat (DROPPED)";"N";"n";0;0
357;21;"";"Lees Greek & Pizza";"N";"n";0;0
358;21;"";"Greco on Bank";"N";"n";0;0
359;34;"";"Pho Tien Phat (dropped)";"N";"n";0;0
360;21;"";"Carlsbad Pizza (dropped)";"N";"n";0;0
361;21;"";"Express Asian Food (Changed to A Plus sushi)";"N";"n";0;0
362;21;"";"2 for 1 Pizza";"Y";"n";0;1681505767
364;31;"";"La Famiglia on the Danforth";"Y";"n";0;0
365;21;"";"Dana's Indian Cuisine";"N";"n";0;0
366;34;"";"Old Man Pizza (DROPPED) ";"N";"n";0;0
367;21;"";"Willy's Pizza";"N";"n";0;0
368;18;"";"Restaurant Da Gunes (DROPPED)";"N";"n";0;0
369;34;"";"Tandoori Raj (DROPPED)";"N";"n";0;0
370;18;"";"Pizza Crave (DROPPED)";"N";"n";0;0
371;21;"";"Ceylonta - Somerset (DROPPED)";"N";"n";0;0
372;21;"";"Bar Burrito Downtown (HOLD)";"N";"n";0;0
373;21;"";"Ever Afters";"N";"n";0;0
374;21;"";"New Mukut Restaurant Indian Cuisine";"Y";"n";0;0
375;21;"";"Pita Pizza plus Kebob King ( Replaced)";"N";"n";0;0
376;21;"";"Bangkok Thai Garden";"N";"n";0;0
377;21;"";"Pho by Night - Sweet Art ( Dropped)";"N";"n";0;0
378;21;"";"Angelo's Sports Bar and Grill";"N";"n";0;0
379;34;"";"Aunty Rosa (closed)";"N";"n";0;0
380;34;"";"Tassot Creole";"N";"n";0;0
383;21;"";"Beneci Pizza";"Y";"n";0;0
384;21;"";"Stuffed Burgers & Pizza";"N";"n";0;0
385;18;"";"Pasta Tutti Giorni (dropped)";"N";"n";0;0
386;21;"";"Wontonmama (CLOSED)";"N";"n";0;0
387;21;"";"Orchid Sushi";"Y";"n";0;0
389;40;"";"Pizzï¿½ria Parenteau PJ";"N";"n";0;0
391;40;"";"Restaurant Mario's";"N";"n";0;0
392;40;"";"Le Tandoor";"Y";"n";0;0
394;40;"";"La Rumeur";"Y";"n";0;0
395;40;"";"Le palais des sous marins et pizza";"N";"n";0;0
396;21;"";"Milano";"N";"n";0;0
397;21;"";"Hokkaido Sushi (dropped)";"N";"n";0;0
398;18;"";"Pappas Souvlaki  (dropped)";"N";"n";0;0
399;40;"";"Grand Tandoori (DROPPED)";"N";"n";0;0
400;40;"";"Basha La Prairie (Dropped)";"N";"n";0;0
401;21;"";"Greek Express (DROPPED)";"N";"n";0;0
402;34;"";"Forest Hill Pizza";"N";"n";0;0
404;21;"";"Pho Haven";"N";"n";0;0
405;21;"";"3 for 1 Pizza (Closed)";"N";"n";0;0
406;18;"";"Sushi Presse - switched to V2";"Y";"n";0;0
407;21;"";"Medina Fried Chicken (closed)";"N";"n";0;0
408;21;"";"CasaLuna Pizza(quit)";"N";"n";0;0
409;21;"";"Pure Joy Sushi & Bubble Tea (dropped)";"N";"n";0;0
410;21;"";"Milano Pizzeria (DROPPED)";"N";"n";0;0
411;21;"";"Milano";"Y";"n";0;0
412;42;"";"Ambala";"N";"n";0;0
413;42;"";"Lucky Fortune";"Y";"n";0;0
414;42;"";"Le Ming Chuan (Dropped)";"N";"n";0;0
415;42;"";"Shaan Tandoori";"Y";"n";0;0
416;21;"";"Fat Albert's";"N";"n";0;0
417;40;"";"Sushi Presse LaSalle (dropped closed)";"N";"n";0;0
418;40;"";"Basha Mont-Saint-Hilaire (dropped)";"N";"n";0;0
419;40;"";"Sous Le Palmier";"Y";"n";0;0
421;40;"";"Michelle BBQ";"N";"n";0;0
422;40;"";"Basha (Van Horne)";"N";"n";0;0
423;40;"";"Basha (Des Laurentides) (dropped) click my resto";"N";"n";0;0
424;18;"";"I Went to Philly Yonge (DROPPED)";"N";"n";0;0
425;21;"";"Parti Pizza";"N";"n";0;0
426;21;"";"Mr. Chopsticks";"N";"n";0;0
427;40;"";"Taco Loco (dropped for clique my slice)";"N";"n";0;0
428;40;"";"Pizza Tomato (DROPPED CLOSED)";"N";"n";0;0
429;34;"";"Ocean Sushi";"N";"n";0;0
430;18;"";"Amir Dorion ( dropped )";"N";"n";0;0
431;34;"";"Mysore (Brossard) Dropped Closed down";"N";"n";0;0
432;34;"";"Thali";"N";"n";0;0
433;34;"";"Amir Saint-Lazare (dropped)";"N";"n";0;0
434;34;"";"Amir Vaudreuil (dropped)";"N";"n";0;0
436;40;"";"Amir Vimont";"N";"n";0;0
438;21;"";"India Cafe";"N";"n";0;0
439;21;"";"Miso Japanese Cuisine";"N";"n";0;0
441;21;"";"1 for 1 Pizza";"N";"n";0;0
442;21;"";"Chester's Country Fried Chicken( Changed to PFC)_";"N";"n";0;0
443;21;"";"Chester's Country Fried Chicken(changed to pfc)";"N";"n";0;0
447;18;"";"Cafï¿½ Asia";"N";"n";0;0
448;21;"";"Phoebe Pizza Yassen before";"N";"n";0;0
449;21;"";"Marble Slab Ottawa";"N";"n";0;0
450;21;"";"Pili Pili Grilled Chicken";"N";"n";0;0
451;21;"";"Fat Albert's BANK CLOSED";"N";"n";0;0
452;21;"";"Fat Albert's ";"N";"n";0;0
453;21;"";"Fat Albert's";"Y";"n";0;0
454;21;"";"Ramigab dropped";"N";"n";0;0
455;18;"";"La Porte de L'Inde";"Y";"n";0;0
457;40;"";"Happy Sushi sold closed";"N";"n";0;0
458;18;"";"Classico Louie's Pizzeria (dropped)";"N";"n";0;0
459;34;"";"Indira's Caribbean Spot ( dropped )";"N";"n";0;0
460;21;"";"Kothu Rotti";"N";"n";0;0
461;21;"";"Grazie Kitchen and Pizza (closed)";"N";"n";0;0
462;34;"";"Mysore Plateau (dropped)";"N";"n";0;0
463;18;"";"Sababa Grill (dropped closed)";"N";"n";0;0
464;34;"";"Yum Yum";"N";"n";0;0
466;34;"";"Green Lady";"N";"n";0;0
468;34;"";"Madina Pizza (dropped)";"N";"n";0;0
469;40;"";"The Big Slice Pizza (dropped)";"N";"n";0;0
470;40;"";"La Bella Managua (dropped)";"N";"n";0;0
471;21;"";"Dolmades ( closed for business)";"N";"n";0;0
472;40;"";"TCJ Restaurant ( dropped ) ";"N";"n";0;0
473;34;"";"European Pizza and Shawarma";"N";"n";0;0
474;34;"";"Chicken'licious (dropped)";"N";"n";0;0
475;40;"";"Little Saigon ( closed )";"N";"n";0;0
476;34;"";"Amato (dropped )";"N";"n";0;0
477;21;"";"Fat Albert's (closed)";"N";"n";0;0
483;21;"";"Fat Albert's";"N";"n";0;0
484;34;"";"Corrado's Authentic Italian Cuisine(dropped)";"N";"n";0;0
485;40;"";"Mackies Burger ( closed for business)";"N";"n";0;0
486;18;"";"New York Pizza & Donair";"N";"n";0;0
487;34;"";"Solymar ( dropped closed)";"N";"n";0;0
488;21;"";"Mekong Restaurant (quit)";"N";"n";0;0
489;21;"";"JN Pizza";"Y";"n";0;0
490;21;"";"Louis Steak House & Pizza(dropped)";"N";"n";0;0
492;18;"";"Chef De La Maison Roti";"N";"n";0;0
493;18;"";"Sushi Style";"N";"n";0;0
494;18;"";"Basha Monkland (dropped)";"N";"n";0;0
495;18;"";"The Portuguese Chicken Guys (dropped)";"N";"n";0;0
496;34;"";"Basha La Jeunesse (dropped)";"N";"n";0;0
497;18;"";"Sushi 930";"N";"n";0;0
498;18;"";"Sushi Xtra";"N";"n";0;0
499;18;"";"One of a Kind Pasta & Grill ( closed )";"N";"n";0;0
500;21;"";"Ju Xiang Yuan ( dropped)";"N";"n";0;0
501;21;"";"Bai Du Sushi ( dropped )";"N";"n";0;0
502;21;"";"Cafï¿½ Saffron (dropped)";"N";"n";0;0
504;21;"";"Urban Tandoor";"N";"n";0;0
505;21;"";"Ricardo's Pizza (dropped)";"N";"n";0;0
506;21;"";"Namaste India ";"N";"n";0;0
507;18;"";"Carolina's Cuisina sold closed";"N";"n";0;0
508;18;"";"I Love Sushi";"N";"n";0;0
509;21;"";"Thai Plus (inactive)";"N";"n";0;0
510;18;"";"Restaurant Anne (dropped)";"N";"n";0;0
511;18;"";"Sushi Express Chambly";"Y";"n";0;0
512;21;"";"Milano";"Y";"n";0;0
513;21;"";"Milano";"Y";"n";0;0
514;21;"";"delice de ali";"N";"n";0;0
515;18;"";"Papa Ceo Fine Italian Foods & Pizza (dropped)";"N";"n";0;0
516;18;"";"New Sushi Island";"N";"n";0;0
517;18;"";"The Kathi Roll Express - Yonge St (CLOSED)";"N";"n";0;0
518;18;"";"Sushiya ( dropped low sales)";"N";"n";0;0
519;18;"";"Wow Sushi";"Y";"n";0;0
520;18;"";"Tap Tap Express Dropped";"N";"n";0;0
521;18;"";"Boar n Wing (dropped)";"N";"n";0;0
523;18;"";"Miyuki Sushi Bar";"N";"n";0;0
524;34;"";"La Belle ï¿½poque (dropped)";"N";"n";0;0
525;18;"";"Resto Miramar (dropped)";"N";"n";0;0
527;18;"";"Pizza Rive-Sud";"N";"n";0;0
528;18;"";"Cafe Bistro Ohayo (closed)";"N";"n";0;0
529;34;"";"Beer Man and Liquor Lady";"N";"n";0;0
530;40;"";"Sushi Kampai";"N";"n";0;0
531;18;"";"Ici Express";"N";"n";0;0
532;21;"";"Xtreme Pizza";"Y";"n";0;0
533;21;"";"Baja Grill";"N";"n";0;0
534;40;"";"Aji Sushi (DROPPED)";"N";"n";0;0
535;21;"";"Milano (closed)";"N";"n";0;0
537;18;"";"303 Fusion Kitchen (dropped)";"N";"n";0;0
538;18;"";"Eat-a-Pita (dropped)";"N";"n";0;0
539;18;"";"Reece's Pizza";"N";"n";0;0
540;18;"";"Suisen Sushi - Pho lam Ici";"N";"n";0;0
541;18;"";"Restaurant O'Wok";"Y";"n";0;0
542;18;"";"Sachi Sushi";"Y";"n";0;0
543;18;"";"Minato closed";"N";"n";0;0
544;18;"";"Western Style Chicken and Pizza ( dropped)";"N";"n";0;0
545;18;"";"Casse-Croï¿½te Quï¿½bec (dropped)";"N";"n";0;0
546;18;"";"Restaurant Mazaj (Dropped)";"N";"n";0;0
547;21;"";"Yorgo's - Nepean";"Y";"n";0;0
548;21;"";"Capital City Smokehouse ( closed)";"N";"n";0;0
549;21;"";"Argos Greek & Pizza KEEP IT INACTIVE";"N";"n";0;0
550;21;"";"New Town Chinese Food";"N";"n";0;0
551;21;"";"pizza boys";"N";"n";0;0
552;21;"";"Dominican Express(sold)";"N";"n";0;0
553;21;"";"Pizza Lovers Laurier";"Y";"n";0;0
554;21;"";"Glebe Indian Cuisine";"N";"n";0;0
557;34;"";"Chï¿½teau Venus de Valleyfield (closed)";"N";"n";0;0
558;18;"";"Mack's Restaurant (dropped)";"N";"n";0;0
559;18;"";"Mia Pasta - Valleyfield ( dropped)";"N";"n";0;0
560;21;"";"Greek to go";"N";"n";0;0
562;21;"";"Crustini Pizza (closing out of business)";"N";"n";0;0
563;21;"";"Hung Fatt";"N";"n";0;0
564;18;"";"Pizzaland (sold dropped)";"N";"n";0;0
565;18;"";"Zone Shish Taouk";"N";"n";0;0
566;21;"";"Laziz Broast & Mix Grill (Dropped)";"N";"n";0;0
567;21;"";"Mr Mozzarella ( dropped )";"N";"n";0;0
569;18;"";"The Suya Spot Restaurant (dropped)";"N";"n";0;0
571;34;"";"Mia Pasta - Les Coteaux ( Closed )";"N";"n";0;0
572;21;"";"Chess Pizza";"N";"n";0;0
573;21;"";"Good Taste Fusion Restaurant (CLOSED)";"N";"n";0;0
575;18;"";"Pho Lam Ici";"N";"n";0;0
576;18;"2014-10-06 13:56:20";"Just Chicken (Dropped)";"N";"n";0;0
577;18;"2014-10-06 14:36:37";"Catalina Pizza & Chicken (dropped)";"N";"n";0;0
578;34;"2014-10-07 10:32:23";"Restaurant Bravi (Dropped)";"N";"n";0;0
579;18;"2014-10-07 11:17:44";"Nouilles Zen (dropped)";"N";"n";0;0
580;18;"2014-10-07 11:20:16";"Coin Mï¿½choui (Dropped)";"N";"n";0;0
581;18;"2014-10-07 16:06:52";"Plato Restaurant - DROPPED";"N";"n";0;0
582;21;"2014-10-07 16:08:22";"La Favorita";"N";"n";0;0
583;18;"2014-10-08 09:02:38";"Mazaya - DROPPED";"N";"n";0;0
584;18;"2014-10-08 09:07:31";"Tandoori Grill - DROPPED";"N";"n";0;0
585;34;"2014-10-08 10:24:45";"Indi Express closed";"N";"n";0;0
586;18;"2014-10-08 10:54:51";"Massa Grilladerie Grecque(dropped)";"N";"n";0;0
587;18;"2014-10-08 10:59:42";"Au Petit Charbon closed";"N";"n";0;0
588;18;"2014-10-08 12:06:53";"Amir - Greenfield Park - (Dropped)";"N";"n";0;0
589;34;"2014-10-08 15:27:39";"The Kathi Roll Express - North York (closed)_";"N";"n";0;0
590;18;"2014-10-09 09:24:27";"Aladdin Donair & Pizza (closed)";"N";"n";0;0
591;18;"2014-10-10 10:23:54";"Kim's 2 for 1 Pizza";"N";"n";0;0
592;21;"2014-10-14 15:01:41";"Fiazza Fresh Fired (Dropped)";"N";"n";0;0
593;21;"2014-10-17 16:33:10";"Saigon Pho (dropped)";"N";"n";0;0
594;21;"2014-10-17 17:03:02";"Hard Stones Grill Nepean Restaurant (dropped)";"N";"n";0;0
595;18;"2014-10-20 09:20:37";"Green Chili - DROPPED";"N";"n";0;0
596;18;"2014-10-21 10:28:28";"Great Canadian Pizza - Shawcliffe Gate - DROPPED";"N";"n";0;0
597;18;"2014-10-21 10:33:07";"Butter Chicken Hut - DROPPED";"N";"n";0;0
599;18;"2014-10-23 09:07:16";"Nikos Pizza - DROPPED";"N";"n";0;0
600;18;"";"Papa Joe's Pizza - Bridle Path";"Y";"n";0;0
601;18;"2014-10-27 09:15:48";"Resto Delice (Dropped)";"N";"n";0;0
602;18;"2014-10-27 09:17:17";"Le Royaume D'Angkor (Dropped)";"N";"n";0;0
603;21;"2014-10-27 13:37:28";"Lucky Panda";"N";"n";0;0
604;18;"2014-10-28 09:27:40";"Basha - Beloeil (dropped)";"N";"n";0;0
606;56;"2014-10-30 16:23:31";"The Newdle Bar & Bubble Tea Co ( out of business)";"N";"n";0;0
607;56;"2014-10-30 16:51:44";"Burrito Shack - Sunnyside";"N";"n";0;0
608;56;"2014-10-30 16:56:20";"Pasquale's Pizzeria";"N";"n";0;0
609;56;"2014-11-03 10:24:38";"Real Thaï¿½ (dropped)";"N";"n";0;0
611;56;"2014-11-03 11:38:31";"Madoi Sushi Restaurant ( dropped )";"N";"n";0;0
612;21;"";"Papa Joe's Fried Chicken - Downtown";"Y";"n";0;0
613;21;"";"Papa Joe's Fried Chicken Walkley";"Y";"n";0;0
614;21;"2014-11-04 16:56:30";"The Great Canadian Poutinerie (QUIT)";"N";"n";0;0
615;21;"2014-11-04 16:57:49";"La Dolce Vita";"N";"n";0;0
616;21;"2014-11-05 08:14:15";"Prince Gourmet - Market";"N";"n";0;0
618;56;"2014-11-05 12:26:40";"The Original Spaghetti House Pizzeria - Cobourg";"N";"n";0;0
620;21;"";"Papa Joe's Fried Chicken - Bridle Path";"Y";"n";0;0
623;21;"2014-11-08 10:16:04";"Chez Villa - Gatineau";"N";"n";0;0
624;21;"";"Yaseen Halal Pizza - Cyrville";"N";"n";0;0
626;56;"2014-11-05 12:26:40";"The Original Spaghetti House - Lakefield";"N";"n";0;0
627;56;"2014-11-05 12:26:40";"The Original Spaghetti House - Peterborough";"N";"n";0;0
628;56;"2014-11-12 13:46:27";"The Corned Beef Hut (dropped)";"N";"n";0;0
629;21;"2014-11-05 08:14:15";"Prince Gourmet - Innes";"N";"n";0;0
630;56;"2014-11-14 13:01:39";"Restaurant ï¿½toile de Chambly (Dropped)";"N";"n";0;0
631;56;"2014-11-14 13:13:42";"Papa's Pizzaland - Port Hope (Dropped)";"N";"n";0;0
633;31;"2014-11-17 12:23:38";"Grillers Pizza & Wings (CLOSED)";"N";"n";0;0
635;31;"2014-11-18 15:22:26";"The Pizza Junction";"N";"n";0;0
636;31;"2014-11-18 15:24:35";"Spice Indian Cuisine & Wine Bar (closed)";"N";"n";0;0
637;31;"2014-11-19 10:36:04";"Tops In Pizza dropped";"N";"n";0;0
638;18;"2014-10-21 10:28:28";"Great Canadian Pizza - 17 Ave (DROPPED)";"N";"n";0;0
639;56;"2014-11-14 13:13:42";"Papa's Pizzaland - Peterborough (Dropped)";"N";"n";0;0
642;21;"2014-11-25 09:45:32";"Lotus Chinese Food ( new owner )";"N";"n";0;0
643;56;"2014-11-25 10:10:09";"Galo Piri Piri ( closed for business )";"N";"n";0;0
644;21;"2014-11-25 15:40:42";"Pho La Express ( sold )";"N";"n";0;0
645;21;"2014-11-25 15:43:44";"Asian Stars Restaurant skip exclusif. ";"N";"n";0;0
646;21;"2014-11-05 08:14:15";"Prince Gourmet - Cyrville Dropped";"N";"n";0;0
649;21;"2014-11-05 08:14:15";"Prince Gourmet - Ogilvie ";"N";"n";0;0
650;21;"2014-11-05 08:14:15";"Prince Gourmet - open in May";"N";"n";0;0
651;31;"2014-11-27 09:09:26";"Royal Thai Cuisine";"Y";"n";0;0
652;21;"2014-12-01 17:03:22";"Pho Bo Ga Truc - inactive";"N";"n";0;0
654;56;"2014-12-03 15:23:17";"Fuji Yama Japanese Restaurant";"N";"n";0;0
656;56;"2014-12-04 15:57:23";"Just Wok";"Y";"n";0;1667178178
657;21;"2014-12-05 10:32:52";"Thai Coconut INACTIVE";"N";"n";1;1735674019
659;56;"2014-12-08 15:25:28";"Carmello's Italian Restaurant & Bar (retired)";"N";"n";0;0
660;31;"2014-12-16 12:42:24";"Fresh Pho U";"N";"n";0;0
661;21;"2014-12-17 17:00:56";"Pizza by Adonis";"N";"n";0;0
662;56;"2014-12-22 09:29:15";"Lucky Bamboo";"N";"n";0;0
663;56;"2014-12-22 09:53:36";"Nowshak Restaurant ( dropped)";"N";"n";0;0
664;21;"2014-12-23 15:02:48";"Silver Spoon HOLD";"N";"n";0;0
665;56;"2015-01-19 09:57:42";"Tonimoes - Inuvik  (closed)";"N";"n";0;0
666;56;"2015-01-19 09:57:42";"Tonimoes - Whitehorse drpopped";"N";"n";0;0
668;21;"2015-02-02 09:33:32";"Chalet de Hull - (Stalled)";"N";"n";0;0
669;21;"2015-02-06 11:12:31";"iCook Pho You";"Y";"n";0;0
670;21;"2015-02-09 15:19:07";"Reginos Pizza (Dropped)";"N";"n";0;0
671;21;"";"Ceylonta - Carling ( dropped )";"N";"n";0;0
672;21;"2015-02-12 17:11:17";"The Wok";"Y";"n";0;0
673;21;"2014-11-08 10:16:04";"Chez Villa - Buckingham";"N";"n";0;0
683;56;"2015-02-19 14:11:31";"Pizza Maisonneuve";"N";"n";0;0
684;21;"2015-02-20 09:45:47";"The Mongolian Village (CLOSED)";"N";"n";0;0
686;21;"2015-02-25 15:12:54";"Wandee Thai Cuisine";"Y";"n";0;0
687;21;"2015-02-27 08:59:11";"Merivale Noodle House (QUIT)";"N";"n";0;0
688;21;"2015-03-06 10:01:57";"Palki Cuisine of India";"N";"n";0;0
692;21;"";"Sopranos Pizza Ottawa";"N";"n";0;0
694;21;"2015-03-25 14:57:10";"Ting's Kitchen";"Y";"n";0;0
695;21;"2015-03-25 14:57:32";"Light of India";"Y";"n";0;0
696;18;"2015-03-25 15:35:58";"Hometown Sports and Grill";"N";"n";0;0
697;56;"2014-10-30 16:51:44";"Burrito Shack - Bank";"N";"n";0;0
698;21;"2015-04-07 09:54:05";"Falafoul Gourmet (closed )";"N";"n";0;0
699;21;"2015-04-14 16:53:02";"Host India";"N";"n";1;0
700;21;"2015-04-16 13:32:30";"Colonnade Pizza - Merivale Road";"N";"n";0;0
701;21;"2015-04-21 09:19:10";"Rangoli";"Y";"n";0;0
703;21;"";"Papa Pizza Val-Des-Monts";"Y";"n";0;0
704;21;"";"Bilal Halal Pizza ( dropped )";"N";"n";0;0
705;21;"2015-04-23 12:39:02";"Asian Dragon (Backed out)";"N";"n";0;0
706;36;"2015-05-06 09:46:12";"Sushi Enshoku";"N";"n";0;0
707;21;"2015-05-08 15:46:13";"New Hong Kong";"Y";"n";0;0
708;21;"";"Somerset View";"N";"n";0;0
709;21;"2015-05-12 13:26:47";"A Plus Sushi (CLOSED)";"N";"n";0;0
710;18;"2015-05-25 15:01:43";"Patricio's 2 For 1 Pizza ( dropped )";"N";"n";0;0
711;21;"2015-05-27 12:29:05";"The Beer Man";"N";"n";0;0
712;18;"2015-06-04 11:33:37";"Pizza Lovers Hunt Club";"Y";"n";0;0
713;18;"2015-06-12 14:29:44";"Fusion House (closed)";"N";"n";0;0
714;21;"2015-06-23 15:03:55";"Phu-Yen Restaurant";"N";"n";0;0
715;18;"2015-06-12 14:29:44";"Fusion House Kanata CLOSED";"N";"n";0;0
716;21;"2015-07-09 13:58:00";"Egg Roll Factory";"Y";"n";0;0
717;21;"";"1 for 1 Pizza Carling";"N";"n";0;0
718;21;"2015-08-19 16:05:29";"Mangiano Pizzeria";"N";"n";0;0
719;21;"2015-08-19 16:08:36";"Marroush Orleans";"N";"n";0;0
721;21;"2015-08-25 11:56:17";"Napolis";"Y";"n";0;0
722;21;"2015-08-28 10:47:48";"Beneci Pizza Cobden";"N";"n";0;0
724;21;"2015-09-04 14:57:17";"Sbarro";"N";"n";0;0
726;21;"";"Koda's Family Diner";"N";"n";0;0
727;21;"2015-09-11 10:06:56";"HaNoi Pho";"Y";"n";0;0
728;36;"2015-09-15 13:02:58";"Reynolds";"N";"n";0;0
729;21;"2015-09-16 15:11:18";"Palermo Pizzeria";"Y";"n";0;0
730;21;"2015-09-16 16:11:03";"P&M's Kouzzina";"N";"n";0;0
732;18;"2015-10-02 11:45:19";"Pizza 2 Go";"N";"n";0;0
733;21;"";"Bar Burrito South Nepean";"N";"n";0;0
734;21;"2015-10-23 13:25:04";"Mr Mozzarella";"N";"n";0;0
735;21;"2015-11-04 18:50:55";"Bilal's Kabab - CLOSED";"N";"n";0;0
736;21;"";"Shawarma Home";"N";"n";0;0
737;21;"2015-11-12 15:58:39";"Papaz Pizza ( closed )";"N";"n";0;0
738;21;"2015-12-02 15:05:25";"King Kabab and Shawarma ( dropped)";"N";"n";0;0
739;21;"2015-12-07 10:34:56";"Mia's Indian Cuisine - St Laurent";"N";"n";0;0
746;18;"2015-12-09 10:10:07";"Pita Bell";"N";"n";0;0
748;21;"2015-12-15 16:12:09";"Island Grill Ottawa";"N";"n";0;0
749;21;"2015-12-18 14:13:14";"Wellington Diner ( dropped )";"N";"n";0;0
750;21;"2015-12-18 14:17:45";"Papaye Verte";"N";"n";0;0
752;21;"2015-09-16 15:11:18";"Palermo Pizzeria - Donald ";"N";"n";0;0
753;21;"2016-01-04 15:19:50";"Yimin Dim Sum House (dropped)";"N";"n";0;0
754;21;"2016-01-04 17:39:06";"Pizza Pita (dropped)";"N";"n";0;0
756;21;"2016-01-05 16:57:53";"Pizza la Diffï¿½rence Aylmer";"Y";"n";0;0
757;21;"2014-11-05 08:14:15";"Prince Gourmet- Montreal Road";"N";"n";0;0
758;21;"2016-01-08 11:38:12";"Papa Grecque des Flandres";"Y";"n";0;0
759;21;"2016-01-11 10:13:42";"Jumbo Chinese Food Restaurant (CANCELLED)";"N";"n";0;0
760;21;"2016-01-13 11:49:05";"India Palace";"N";"n";0;0
761;21;"2015-12-18 14:17:45";"Green Papaya Preston";"N";"n";0;0
762;21;"2015-12-18 14:17:45";"Green Papaya Baseline";"N";"n";0;0
763;40;"";"Mario's St Philippe de la Prairie";"N";"n";1;1751893392
764;21;"2016-01-19 13:09:00";"Burger Lovers";"Y";"n";0;0
766;21;"2014-11-05 08:14:15";"POS SIMPLICITY";"Y";"n";0;0
767;21;"";"Via613 Bis (ON HOLD)";"N";"n";0;0
768;21;"2016-01-27 14:17:41";"Asian Palace Ottawa";"N";"n";0;0
769;21;"2016-01-29 08:49:27";"Original Burger Joint";"N";"n";0;0
770;21;"2016-01-29 10:16:13";"Nu Caribbean";"N";"n";0;0
771;21;"2016-01-29 12:56:09";"Matts_TEST_restaurant";"N";"n";0;0
772;21;"2016-02-08 10:15:48";"Holland Kisa Grill";"N";"n";0;0
773;21;"2016-02-08 10:28:16";"Vietnam Palace";"N";"n";0;0
774;21;"2016-02-09 19:07:09";"Petit Peru";"N";"n";0;0
775;21;"2016-02-18 11:17:35";"Kallisto";"N";"n";0;0
776;18;"2016-02-24 13:20:49";"Via613 (CANCELLED)";"N";"n";0;0
777;21;"";"East India Co - West Ottawa";"N";"n";0;0
778;21;"2016-02-26 08:59:35";"Bonita's Cantina";"N";"n";0;0
780;21;"2016-02-29 17:35:16";"Pizza Bonne Humeur";"N";"n";0;0
781;21;"";"Aahar The Taste of India";"Y";"n";0;0
782;21;"2016-03-01 20:28:05";"Pizza des Hautes Plaines";"Y";"n";0;0
783;18;"2016-03-02 10:25:38";"Fort York Pizzeria";"N";"n";0;0
784;21;"2016-03-04 10:50:52";"Smoque Shack";"N";"n";0;0
785;21;"2016-03-08 12:12:56";"Milano";"Y";"n";0;0
786;21;"2016-03-11 09:45:24";"Petit Peru Hull (INACTIVE)";"N";"n";0;0
787;21;"2016-04-04 15:20:47";"Main Meal (CLOSED)";"N";"n";0;0
788;56;"2014-10-30 16:51:44";"Burrito Shack - Spratt - Closed";"N";"n";0;0
789;21;"2016-04-13 14:21:08";"Milano";"Y";"n";0;0
790;21;"2016-05-03 11:20:16";"Pizza 9 Grecque 9";"Y";"n";0;0
791;21;"2016-05-03 11:21:13";"Kings Pizza and Greek - Closed";"N";"n";0;0
792;21;"2016-05-04 16:22:59";"Diana Pizza (dropped)";"N";"n";0;0
793;21;"2016-05-10 10:14:02";"Golden Fries (cancelled)";"N";"n";0;0
794;21;"2016-05-31 11:59:42";"Bistro Le New Yorkais ( temp dropped )";"N";"n";0;0
795;21;"";"Xtreme Pizza Orleans";"N";"n";0;0
796;21;"2016-06-14 14:41:32";"Elgin Street Diner";"N";"n";0;0
797;21;"2016-06-14 14:53:43";"Clocktower Brew pub Westboro";"N";"n";0;0
798;21;"2016-06-14 15:17:42";"MLT DWN";"N";"n";0;0
799;21;"2016-06-14 15:23:28";"Coriander Thai";"N";"n";0;0
800;1;"2016-06-16 10:34:18";"test stefan";"Y";"n";0;0
802;21;"2016-06-16 15:14:08";"Shawarma Andalos (dropped)";"N";"n";0;0
803;21;"2015-05-27 12:29:05";"The Beer Man North Bay (QUIT)";"N";"n";0;0
804;21;"2016-06-22 10:24:36";"Dou' Ini";"N";"n";0;0
805;21;"2016-06-22 11:18:22";"Crispy's";"Y";"n";0;0
806;21;"2016-06-22 15:40:57";"Chateau du Shawarma";"N";"n";0;0
807;21;"2016-06-23 11:35:27";"Milano";"Y";"n";0;0
808;21;"";"Milano";"Y";"n";0;0
809;21;"2016-07-19 15:40:15";"Orleans Shawarma";"N";"n";0;0
810;21;"2016-07-20 15:48:53";"Maison Fumï¿½e BBQ";"N";"n";1;1645463856
811;18;"2016-07-21 10:51:35";"Himalaya (closed)";"N";"n";0;0
812;21;"2016-07-21 13:48:52";"Tasty Burgers and Grill ( inactive dropped )";"N";"n";0;0
813;37;"2016-07-22 10:38:47";"Pho Saigon Express";"N";"n";0;0
815;21;"2016-08-02 08:38:06";"Milano";"Y";"n";0;0
816;21;"2016-08-03 11:21:48";"Say Cheese Pizza and Poutine";"N";"n";0;0
817;21;"";"Supreme Pizzeria";"Y";"n";0;0
818;18;"2016-08-18 09:44:10";"Sushi Fleury";"Y";"n";0;0
819;21;"2016-08-24 09:05:22";"Luxx Deli Bistro";"N";"n";0;0
820;21;"2016-09-01 13:54:03";"Karuna Cafe";"N";"n";0;0
821;21;"2016-09-14 10:54:48";"The Main Bar & Grill";"N";"n";0;0
822;21;"2016-09-20 08:54:06";"Jade Yi's Kitchen dropped";"N";"n";0;0
824;18;"2016-10-11 10:14:04";"Milano";"Y";"n";0;0
825;21;"2016-10-13 13:31:47";"Papa Pizza Cantley";"Y";"n";0;0
826;21;"2016-10-17 16:03:33";"Centre Pizza";"Y";"n";0;0
827;21;"2016-10-18 11:11:41";"Mom and Pops Pizza Shop";"N";"n";0;0
828;21;"2016-10-18 13:57:47";"Pho Van Van";"N";"n";0;0
829;21;"2016-10-18 13:58:23";"Anna Fine Thai";"N";"n";0;0
830;21;"2016-10-25 10:09:42";"Aroy Thai";"Y";"n";0;0
831;21;"2016-10-25 13:09:15";"Verona Pizza House";"N";"n";0;0
832;21;"2016-10-27 09:45:00";"Dough Brothers";"N";"n";0;0
833;21;"2016-11-08 14:07:50";"Milano";"Y";"n";0;0
834;21;"";"1 for 1 Pizza Rideau";"N";"n";0;0
835;21;"2016-11-24 12:15:21";"Restaurant Bambou";"N";"n";0;0
836;21;"2016-12-04 20:12:09";"Angry Dragonz";"N";"n";0;0
838;21;"2016-10-13 13:31:47";"Marina Pizza des Flandres ";"Y";"n";0;0
839;21;"2016-10-13 13:31:47";"Marina Pizza Maloney";"Y";"n";0;0
840;21;"2016-01-08 11:38:12";"Papa Grecque Maloney ";"Y";"n";0;0
841;21;"2016-12-05 13:13:18";"Big Bone BBQ (dropped)";"N";"n";0;0
842;21;"2016-12-22 10:38:48";"3 Bites Shawarma, Greek and Pizza (dropped)";"N";"n";0;0
843;21;"2016-12-22 10:44:01";"La Brochette";"N";"n";0;0
844;21;"2016-06-22 15:40:57";"Poulet Mom's Chicken Gatineau";"N";"n";0;0
847;21;"2017-01-09 17:01:21";"Pro de la Pizza";"N";"n";0;0
848;21;"2016-05-31 11:59:42";"Pro de la Pizza";"N";"n";0;0
849;21;"";"1 for 1 Pizza St Laurent";"N";"n";0;0
850;21;"2017-02-24 15:35:29";"Milano";"Y";"n";0;0
851;21;"2017-02-27 11:11:20";"Euro Mex";"N";"n";1;0
852;18;"2017-03-09 09:17:16";"Jo-Jo's Pizzeria Fernbank";"N";"n";0;0
853;18;"2017-03-09 09:17:16";"Jo-Jo's Pizzeria Stittsville";"N";"n";0;0
854;18;"2017-03-09 09:17:16";"Jo-Jo's Pizzeria (reserved)";"N";"y";0;0
855;18;"2017-03-09 09:17:16";"Jo-Jo's Pizzeria Carling";"N";"n";0;0
856;21;"2017-03-23 12:03:02";"Asia Garden Ottawa";"Y";"n";0;0
857;18;"";"clone test";"N";"n";0;0
859;21;"2017-05-09 14:02:32";"Shawarma Bits";"N";"n";0;0
860;21;"2017-05-10 14:38:43";"Charlie Chan Famous Chinese Food";"N";"n";0;0
861;21;"2017-05-11 12:29:44";"Lorenzo Pizzeria - Arch";"Y";"n";0;0
862;21;"2017-05-11 20:19:24";"Lunasole Orleans (dropped)";"N";"n";0;0
863;18;"2017-05-15 10:04:20";"Joes Family Pizzeria";"Y";"n";0;0
864;21;"2017-06-05 11:59:03";"Masala Mama's Kitchen (dropped)";"N";"n";0;0
865;21;"2017-06-12 09:58:51";"Digby's Restaurant";"Y";"n";0;0
866;21;"2017-06-26 10:53:54";"Andalo's Shawarma Hunt Club";"N";"n";0;0
868;21;"2017-07-11 18:39:15";"Bagan Indian Food";"N";"n";0;0
869;21;"2017-08-01 10:43:36";"China Moon";"Y";"n";0;0
870;21;"2017-08-16 10:13:59";"Isabella Pizza";"N";"n";0;0
871;21;"2017-08-30 09:25:02";"Cazza Pizza (ON HOLD)";"N";"n";0;0
872;21;"2017-09-11 14:22:03";"Mozza Pizza Hull";"Y";"n";0;0
873;18;"2017-09-15 10:34:50";"Pho Lee Restaurant";"N";"n";0;0
874;31;"2017-09-18 11:11:31";"JC Royal Thai Cuisine";"Y";"n";0;0
875;21;"2017-09-22 11:10:54";"Papaye Verte Call Centre";"Y";"n";0;0
876;21;"2017-09-29 11:41:53";"Chef Cheng cloxsed out of business";"N";"n";0;0
877;21;"2017-10-24 07:38:10";"Pub House";"N";"n";0;0
878;18;"2017-10-25 09:07:39";"Pizza Run";"Y";"n";0;0
879;21;"2017-10-26 14:10:25";"Milano";"Y";"n";0;0
880;21;"2017-11-13 14:24:35";"Pilos Greek Restaurant";"N";"n";0;0
882;21;"2017-11-14 20:07:16";"Shawarma Palace Rideau (dropped)";"N";"n";0;0
883;18;"2017-11-15 09:44:42";"Downtown Pizza & Qabar Grilled Chicken";"N";"n";0;0
884;21;"2017-12-01 11:54:27";"1 for 1 Pizza 1741 St Laurent Blvd (inactive)";"N";"n";0;0
885;21;"2017-12-05 13:41:00";"Mandarin Ogilvie Restaurant";"N";"n";0;0
886;21;"2017-12-07 10:12:09";"Sula Wok (dropped)";"N";"n";0;0
887;0;"2018-01-04 14:33:07";"Kanata Noodle House Carling dropped";"N";"n";0;0
888;21;"2018-01-15 11:51:19";"John Juan";"N";"n";0;0
889;21;"2018-02-20 09:39:11";"Milano";"Y";"n";0;0
891;21;"2018-03-07 08:56:10";"Indian Curry House";"N";"n";0;0
892;21;"2018-03-07 09:02:17";"La Maison Szechuan";"Y";"n";0;0
893;21;"2018-03-08 08:40:00";"Meatings (dropped)";"N";"n";0;0
894;21;"2018-04-04 15:58:44";"Lorenzo Bar and Grill";"Y";"n";0;0
895;21;"2018-04-12 08:57:45";"Golf Kingsway";"N";"n";0;0
896;21;"2018-04-25 13:50:52";"India Curry and Kebab House";"N";"n";0;0
897;21;"2018-05-03 11:26:44";"Chicken Ranch";"N";"n";0;0
898;21;"2018-05-08 11:34:17";"Chez Gaston";"N";"n";0;0
899;18;"2018-05-10 07:40:32";"Mother India";"N";"y";0;0
900;21;"2018-05-13 08:26:38";"Casey's Bar and Grill CLOSED";"N";"n";0;0
901;21;"2018-06-04 14:29:40";"Joe's Pizza and Subs";"N";"n";1;1719541661
902;18;"2018-07-27 07:08:14";"Colonel's City Pizza";"N";"n";0;0
904;21;"2018-08-01 08:31:10";"Sizzle n' Grill (dropped)";"N";"n";0;0
905;18;"2018-08-01 10:56:06";"Colonel's City Pizza Casselman";"N";"n";0;0
906;21;"2018-09-04 12:06:16";"Long Long Noodles";"N";"n";0;0
907;18;"2018-09-06 06:54:17";"Holland's Pizzeria (dropped)";"N";"n";0;0
910;21;"2018-09-18 12:06:50";"The Beer Man 2 Call Center";"N";"n";0;0
911;21;"2018-09-19 08:45:44";"East India CC - REMOVED";"N";"n";0;0
912;18;"2018-10-12 06:45:41";"Pizza Corner";"Y";"n";0;0
913;21;"2018-10-22 10:55:51";"Milano";"Y";"n";0;1751313970
914;21;"2018-11-05 15:08:11";"Oka's Hull";"Y";"n";0;0
915;21;"2018-11-09 09:24:05";"Lulu Shawarma and Greek";"N";"n";0;0
916;21;"2018-11-12 15:45:12";"Shop A Pizza (dropped)";"N";"n";0;0
917;21;"2018-11-13 12:12:59";"Juluca's (dropped)";"N";"n";0;0
918;18;"2018-11-16 10:09:59";"Caesars Palace";"N";"y";0;0
919;21;"2018-11-21 09:55:16";"3 Brothers";"N";"n";0;0
920;18;"2018-12-12 10:29:30";"Twisted Pita & Pizzeria";"Y";"n";0;0
921;21;"2019-01-08 17:24:35";"Pizza Riverview";"Y";"n";0;0
922;21;"2019-01-11 11:29:18";"Subito Sandwich (dropped)";"N";"n";0;0
923;21;"2019-01-19 11:19:06";"Jimmy Gyro Pizza and Poutinerie";"N";"n";0;0
924;21;"2019-01-20 08:42:59";"La Poutinerie Walkley (dropped)";"N";"n";0;0
925;37;"2019-01-31 11:28:31";"Pho Nha Vietnamese Cuisine";"Y";"n";0;0
926;21;"2019-02-14 15:13:45";"Roost and Grills (dropped)";"N";"n";0;0
928;21;"2019-03-05 14:05:03";"Portugalos Restaurant";"N";"n";0;0
929;21;"2019-03-05 14:24:03";"East Side Marios";"N";"n";0;0
930;21;"2019-03-05 14:31:43";"Pizza Maisonneuve";"Y";"n";0;0
931;21;"2019-03-05 14:33:17";"Patio Vidal Des Flandres";"N";"n";0;0
934;21;"2019-03-26 06:34:13";"Yorgo's - Barrhaven KEEP Active Mapped Printer";"Y";"n";0;0
935;21;"2019-03-26 08:14:42";"Milano";"N";"n";0;0
936;18;"2019-04-04 06:27:00";"Prime Burger Bar (dropped)";"N";"n";0;0
937;21;"2019-04-15 10:20:26";"Milano";"Y";"n";0;0
938;21;"2019-04-30 15:25:01";"El Taco De Oro (dropped)";"N";"n";0;0
939;21;"2019-04-30 15:25:52";"Geo's Pizza (dropped)";"N";"n";0;0
940;21;"2019-04-30 15:26:25";"Chili Thai";"N";"n";0;0
941;21;"2019-05-01 15:08:00";"New China (dropped)";"N";"n";0;0
942;21;"2019-05-02 12:54:46";"The Wing Shoppe";"N";"n";0;0
943;21;"2019-06-17 10:01:52";"Palermo Pizzeria Gladstone CLOSED";"N";"n";0;0
944;21;"2019-06-18 08:12:34";"Winner House Chinese Food";"N";"n";0;0
945;21;"2019-07-05 08:59:51";"Asian Kitchen";"N";"n";0;0
946;21;"2019-07-05 09:07:24";"Gatineau Maison de Nouille CLOSED";"N";"n";0;0
947;21;"2019-07-08 09:43:34";"Supreme Pizzeria";"Y";"n";0;0
948;21;"2019-07-22 14:52:08";"Patate Lou Lou";"Y";"n";0;0
949;21;"2019-08-02 10:49:51";"Le Moulin";"N";"n";0;0
951;21;"2019-08-02 10:51:46";"Ogilvie Pizza";"Y";"n";0;0
952;21;"2019-08-19 03:14:54";"La Poutinerie Ogilvie";"Y";"n";0;0
953;21;"2019-08-22 18:35:24";"PizzaRama";"Y";"n";0;0
954;21;"2019-08-28 13:55:51";"East Feast (dropped)";"N";"n";0;0
955;18;"2019-09-03 09:08:25";"Amici Restaurant & Pizzeria";"N";"y";0;0
956;21;"2019-09-09 13:06:39";"Patio Vidal Grï¿½ber";"N";"n";0;0
957;21;"2019-09-17 14:33:35";"La Zone Chawarma";"N";"n";0;0
959;21;"2019-10-03 09:23:17";"La Maison Pho";"Y";"n";1;1753483711
960;21;"2019-10-15 13:19:58";"Orchidee Restaurant Fusion Asiatique";"N";"n";0;0
961;21;"2019-10-17 14:54:26";"Lorenzo's Orleans (dropped)";"N";"n";0;0
962;18;"2019-10-28 10:00:08";"Papa Joe's Pizza - Prince of Wales";"N";"n";0;0
963;21;"2019-11-06 16:14:46";"The Greek Flame and Pizza";"Y";"n";1;1749875274
964;21;"2019-11-06 16:15:59";"Pizza Joanna";"Y";"n";0;0
965;21;"2019-11-07 13:17:42";"La Maison du Burger";"Y";"n";0;0
966;21;"2019-11-28 09:00:35";"Pho Maison de Nouilles HUll (dropped)";"N";"n";0;0
967;21;"2019-12-11 14:52:43";"Mehfil Indian Cuisine";"N";"n";0;1662755318
968;21;"2019-12-16 11:36:11";"Friendly Restaurant and Pizzeria";"Y";"n";0;0
969;21;"2020-01-10 15:48:28";"Harveys Hull";"N";"n";0;0
970;21;"2020-01-10 15:49:57";"La Maison Grillï¿½e";"Y";"n";0;0
971;21;"2020-01-17 14:21:18";"Milano (dropped)";"N";"n";0;0
972;21;"2020-02-25 09:39:25";"Ottawa Liquor Service old";"N";"n";0;0
973;21;"2020-02-26 08:59:34";"Amicci Pizza";"Y";"n";0;0
974;21;"2020-02-26 13:46:21";"Greber Pizza et Shawarma";"Y";"n";0;0
975;21;"2020-03-12 10:43:15";"Liu's Garden";"N";"n";1;1685927912
976;21;"2020-03-18 17:20:33";"Mr Mic Chinese Restaurant";"N";"n";0;0
977;21;"2020-03-26 14:35:09";"Aroma Pizzeria";"N";"n";0;0
978;21;"2020-03-30 13:36:29";"Milano";"Y";"n";1;1748729633
979;21;"2020-04-08 10:41:22";"Little Elephant Thai Bistro";"N";"n";0;0
980;21;"2020-05-15 13:38:02";"Mukut Ottawa";"N";"n";0;0
981;21;"2020-05-19 02:49:51";"FJ Pizzeria";"Y";"n";0;0
982;21;"2020-05-19 12:12:44";"Riverbend Pub and Dining Canadian-Chinese";"N";"n";0;0
983;21;"2020-06-05 11:14:25";"Sala Thai";"Y";"n";0;0
984;21;"2020-06-08 11:38:32";"duplicate";"N";"n";0;0
985;18;"2020-06-08 12:06:05";"Full House Asian Cuisine";"Y";"n";0;0
986;21;"2020-06-30 11:30:49";"Rinag Authentic Indian Food";"N";"n";1;0
987;21;"2020-07-07 10:04:03";"Milano";"Y";"n";0;0
988;21;"2020-07-24 09:38:40";"Pizza Bob";"Y";"n";0;0
989;21;"2020-09-25 08:41:00";"Milano";"Y";"n";0;0
991;21;"2020-09-28 10:14:59";"clona stefan";"Y";"n";0;0
995;21;"2020-10-05 14:56:13";"Casa Grecque";"N";"n";0;0
996;21;"2020-10-14 09:27:20";"Fil's Diner";"N";"n";1;0
997;21;"2020-10-14 10:03:05";"Pizza La Diffï¿½rence HULL CLOSED";"N";"n";0;1708132383
998;18;"2020-10-29 10:06:28";"Little Gyros Greek Grill";"Y";"n";0;0
999;21;"2020-10-29 15:10:38";"Supra Pizza";"N";"n";0;1660535936
1000;21;"2020-11-05 08:01:21";"3 Brothers Shawarma & Poutine Hull";"N";"n";1;0
1001;21;"2020-11-17 14:24:27";"Authentic Vietnamese Pho House Nepean";"N";"n";0;0
1002;21;"2020-11-24 09:15:16";"Beneci Pizza Vanier";"N";"n";0;0
1003;21;"2020-12-09 09:53:26";"3 Brothers Kanata";"N";"n";1;1632001332
1004;21;"2020-12-14 09:03:40";"Authentic Vietnamese Pho House Barrhaven";"N";"n";0;0
1005;21;"2020-12-14 09:04:24";"Authentic Vietnamese Pho House Kanata";"N";"n";0;0
1006;18;"2021-01-04 07:02:35";"Ha's Dim Sum Noodle House";"N";"n";0;0
1007;21;"2021-01-08 09:24:38";"HanaHana Korean Food and Sushi Takeout";"Y";"n";0;0
1008;21;"2021-01-11 13:27:21";"Ke Ola Poke";"N";"n";1;0
1009;21;"2021-01-21 13:34:19";"Pho Bo Ga Express";"Y";"n";0;0
1010;21;"2021-01-21 13:36:25";"Pho Bo Ga 2";"Y";"n";0;0
1011;21;"2021-01-21 13:45:22";"Jimmies Pizza";"N";"n";1;1637886945
1012;21;"2021-02-02 16:20:11";"West End Pizza";"N";"n";1;1659353982
1013;21;"2021-02-18 09:48:17";"All Out Burger";"Y";"n";0;0
1014;21;"2021-03-04 09:48:02";"Zaytoun";"N";"y";0;0
1015;21;"2021-03-15 14:20:20";"Mojo's Chinese Food";"N";"n";1;0
1016;21;"2021-04-21 11:07:31";"Argos Greek & Pizza";"N";"n";0;0
1017;18;"2021-04-26 13:30:43";"Montako";"N";"y";0;0
1018;21;"2021-05-05 10:42:35";"Bank Shawarma and Poutine";"Y";"n";0;0
1019;21;"2021-05-12 14:53:07";"Roulas Jus et Gelato";"Y";"n";0;0
1020;21;"2021-05-18 09:12:38";"Westboro Subs";"Y";"n";0;0
1021;18;"2021-05-19 09:54:47";"2King Shawarma and Poutine";"N";"y";0;0
1022;21;"2021-06-29 10:23:24";"Eddy Authentic Lebanese Cuisine";"N";"n";0;0
1023;21;"2021-06-30 08:30:10";"Golden Crust";"Y";"n";0;0
1024;21;"2021-07-29 08:52:43";"Colonnade Pizza";"N";"n";0;0
1025;21;"2021-07-29 08:54:37";"Colonnade Pizza";"Y";"n";0;0
1027;21;"2021-07-29 08:55:46";"Colonnade Pizza";"Y";"n";0;0
1028;21;"2021-07-29 11:33:13";"Colonnade Pizza";"Y";"n";0;0
1029;21;"2021-08-04 10:26:33";"Cousin Vinny's Pizzeria";"Y";"n";0;0
1030;18;"2021-09-08 06:06:24";"Restaurant Yotis";"N";"n";0;0
1031;21;"2021-09-27 13:18:56";"Dunya's Famous Pizza (dropped)";"N";"n";1;1662170298
1032;21;"2021-10-14 11:06:27";"Poutinerie Quï¿½becurds Hull";"Y";"n";0;0
1033;21;"2021-10-14 11:07:01";"Nachos Loco Hull";"Y";"n";0;0
1034;21;"2021-10-15 09:31:03";"Samo's Greek Kitchen";"Y";"n";0;0
1035;18;"2021-10-19 11:02:38";"Dumpling Bowl";"Y";"n";1;1757636922
1037;21;"2021-10-25 10:32:00";"Stacked Smoked Meat Grill";"N";"n";0;0
1038;21;"2021-11-03 13:08:57";"All Out Burger";"Y";"n";0;0
1039;21;"2021-12-16 09:05:53";"Papa Pizza Chem. de Masson";"Y";"n";0;0
1040;18;"2022-01-04 12:22:08";"Parï¿½a";"N";"n";0;0
1041;21;"2022-01-05 08:51:01";"Papa Burger";"Y";"n";0;0
1042;21;"2022-01-10 13:07:09";"Kabylie Pizza";"Y";"n";0;1740279886
1043;21;"2022-01-12 15:35:43";"The Cupboard";"N";"y";0;0
1044;21;"2022-01-17 15:14:40";"The Cupboard";"Y";"n";0;0
1045;21;"2022-01-27 13:45:40";"Nachos Loco Gatineau";"Y";"n";0;0
1046;21;"2022-01-27 13:49:07";"Poutinerie Quï¿½becurds Gatineau";"Y";"n";0;0
1047;21;"2022-02-01 11:34:48";"Le Pierrot";"N";"n";0;0
1048;21;"2022-03-14 10:20:59";"Jasmine Rice Thai Kitchen";"N";"n";0;0
1049;21;"2022-03-25 10:05:35";"Chicken Palace";"N";"n";0;0
1050;21;"2022-04-11 09:11:29";"Crispy's Bank Street";"Y";"n";0;0
1051;21;"2022-05-12 10:07:23";"Oh My Grill";"Y";"n";0;0
1052;21;"2022-05-17 11:17:42";"Bellevue Pizza Main";"N";"n";0;0
1053;21;"2022-05-17 11:20:32";"Bellevue Pizza St Louis";"N";"n";0;0
1054;21;"2022-05-18 13:29:32";"Papa Grecque Cantley";"Y";"n";0;0
1055;21;"2022-06-21 06:34:31";"Le SubShop Main";"N";"n";0;0
1056;21;"2022-06-21 06:35:53";"to be deleted";"N";"n";0;0
1057;21;"2022-06-23 11:17:19";"Le SubShop St Louis";"N";"n";0;0
1058;21;"2022-08-22 04:53:24";"Ottawa Liquor Service";"Y";"n";0;0
1059;21;"2022-08-30 11:55:43";"Golden Center Pizza";"Y";"n";1;1757635060
1060;21;"2022-09-12 09:46:27";"Dï¿½panneur Gï¿½nï¿½reux";"Y";"n";0;0
1061;21;"2022-09-20 09:29:18";"Pizza Times";"N";"n";1;1683067940
1062;21;"2022-09-21 12:42:26";"Milano";"Y";"n";0;0
1063;21;"2022-10-19 10:28:33";"Milano";"Y";"n";0;0
1064;21;"2022-11-16 12:58:52";"Vieux Hull Pizza";"Y";"n";0;0
1065;21;"2022-12-01 13:45:53";"Milano";"Y";"n";0;0
1066;21;"2022-12-12 07:30:55";"Papa Burger Maloney";"Y";"n";0;0
1067;21;"2023-01-13 12:17:47";"PoutineZaaa";"N";"n";0;0
1069;21;"2023-01-17 14:32:02";"Prima Pizza";"Y";"n";0;0
1070;18;"2023-01-18 02:13:17";"La Nawab V2";"Y";"n";0;0
1071;18;"2023-02-09 01:23:27";"All Out Burger";"Y";"n";0;0
1072;21;"2023-02-20 13:26:33";"Lucky Key";"Y";"n";0;0
1073;21;"2023-03-02 11:22:11";"Ottawa Kabab";"Y";"n";0;0
1074;21;"2023-05-05 06:48:14";"Pizzalicious";"Y";"n";0;0
1076;18;"2023-07-14 01:20:29";"Papa Grecque Val-des-Monts";"N";"y";0;0
1078;18;"2023-07-20 02:46:46";"Maple Delight Pizza";"N";"n";0;0
1079;18;"2023-08-03 02:10:55";"Kirkwood Pizza";"N";"y";0;0
1080;18;"2023-10-10 13:45:35";"All Out Burger";"Y";"n";0;0
1081;21;"2023-12-08 01:10:43";"Milano";"Y";"n";0;0
1082;21;"2024-01-23 14:50:37";"Milano";"Y";"n";0;0
1083;18;"2024-01-25 10:03:29";"Souvlaki Souvlaki";"Y";"n";0;0
1084;21;"2024-06-06 09:39:29";"Milano";"Y";"n";0;0
1085;21;"2024-07-18 14:12:47";"L'Hibou Qui Rit";"Y";"n";1;1733013440
1086;18;"2024-08-07 01:25:58";"Milano Prince of Wales";"N";"y";0;0
1087;18;"2024-08-07 01:26:53";"Milano";"Y";"n";0;0
1088;18;"2024-08-13 09:51:27";"All Out Burger";"Y";"n";0;0
1089;21;"2024-09-16 14:39:39";"Milano";"Y";"n";0;0
1090;21;"2024-09-30 14:13:44";"Oh My Grill Gatineau";"Y";"n";0;0
1091;21;"2024-11-08 11:41:23";"Mykonos Greek Grill";"N";"y";0;0
1092;21;"2024-11-08 11:43:13";"Mykonos Greek Grill";"Y";"n";0;0
1093;18;"2024-11-14 02:35:31";"Mykonos Greek Grill";"Y";"n";0;0
1094;21;"2024-12-12 12:15:33";"Sushiyana";"Y";"n";0;0

