id,deliveryRadius,multipleDeliveryArea,sendToDelivery,sendToDailyDelivery,sendToGeodispatch,geodispatch_username,geodispatch_password,geodispatch_api_key,sendToDelivery_email,restaurant_delivery_charge,tookan_delivery,tookan_tags,tookan_restaurant_email,tookan_delivery_as_pickup,weDeliver,weDeliver_driver_notes,weDeliverEmail,deliveryServiceExtra,use_delivery_areas,delivery_restaurant_id,max_delivery_distance,disable_delivery_until,twilio_call
72,0,Y,n,N,N,ang303,ang303,,,,n,,,n,n,,,0.00,y,,,,y
73,0,N,n,N,N,,,,,,n,,,n,n,,,0.00,y,,,,n
79,0,N,n,N,N,,,,,,n,,,n,n,,,0.00,y,,,,n
81,0,N,n,N,N,,,,,,n,,,n,n,,,0.00,y,,,,n
82,0,N,n,N,N,,,,,,n,,,n,n,,,0.00,y,,,,n
87,0,N,n,N,N,,,,,0.00,n,,,n,n,,,0.00,y,,,,n
89,0,N,n,N,N,,,,,,n,,,n,n,,,0.00,y,,,,y
90,0,N,n,N,N,,,,,,n,,,n,n,,,0.00,y,,,,y
91,0,N,n,N,N,,,,,0.00,n,,,n,n,,,0.00,y,,,,n
92,0,N,n,N,N,,,,,,n,,,n,n,,,0.00,y,,,,n
93,0,N,n,N,N,,,,,,n,,,n,n,,,0.00,y,,,,n
94,0,N,n,N,N,,,,,,n,,,n,n,,,0.00,y,,,,y
95,0,N,n,N,N,,,,,,n,,,n,n,,,0.00,y,,,,y
96,0,N,n,N,N,,,,,,n,,,n,n,,,0.00,y,,,,n
101,0,N,n,N,N,,,,,,n,,,n,n,,,0.00,n,0,8,,y
109,0,N,n,N,N,,,,,,n,,,n,n,,,0.00,y,,,,y
110,0,N,n,N,N,,,,,,n,,,n,n,,,0.00,y,,,,n
111,0,N,n,N,N,,,,,,n,,,n,n,,,0.00,y,,,,n
112,0,N,n,N,N,,,,,,n,,,n,n,,,0.00,y,,,,y
113,0,N,n,N,N,,,,,,n,,,n,n,,,0.00,y,,,,n
114,0,N,n,N,N,vincent.gobuyan@gmail.com,green101,4b13f4702e1689437bfa,"toyourhomedeliveries@outlook.com,mattmenuottawa2@gmail.com",3.50,y,menucaonlinefood,test@eastindiaco.com,y,n,BILLING. pay in full if unpaid - if PREPAID only pick up the food,,0.00,y,0,15,,n
117,0,N,n,N,N,,,,,,n,,,n,n,,,0.00,y,,,,y
118,0,N,n,N,N,,,,,,n,,,n,n,,,0.00,y,,,,n
120,0,N,n,N,N,,,,,0.00,n,,,n,n,,,0.00,y,,,,n
121,0,Y,n,N,N,,,,,,n,,,n,n,,,0.00,y,,,,n
122,0,N,n,N,N,,,,,,n,,,n,n,,,0.00,y,,,,n
123,0,N,n,N,N,,,,,,n,,,n,n,,,0.00,y,,,,n
124,0,N,n,N,N,,,,,,n,,,n,n,,,0.00,y,,,,y
125,0,N,n,N,N,,,,,,n,,,n,n,,,0.00,y,,,,n
126,0,N,n,N,N,,,,,0.00,n,,,n,n,,,0.00,y,,,,n
127,0,N,n,N,N,,,,,,n,,,n,n,,,0.00,y,,,,y
128,0,N,n,N,N,,,,,0.00,n,,,n,n,,,0.00,y,,,,y
130,0,N,n,N,N,,,,,,n,,,n,n,,,0.00,y,,,,y
131,0,N,n,N,N,,,,,,n,,,n,n,,,0.00,y,,,,n
132,0,N,n,N,N,,,,,,n,,,n,n,,,0.00,y,,,,y
133,0,N,n,N,N,,,,,,n,,,n,n,,,0.00,y,,,,n
134,0,N,n,N,N,,,,,,n,,,n,n,,,0.00,y,,,,y
135,0,N,n,N,N,,,,,,n,,,n,n,,,0.00,y,,,,n
136,0,Y,n,N,N,,,,,0.00,n,,,n,n,,,0.00,n,274,8,,n
137,0,Y,n,N,N,,,,,,n,,,n,n,,,0.00,n,240,8,,y
138,0,N,y,N,N,east210,east210,,"Deliveryzonecanada@gmail.com,mattmenuottawa2@gmail.com",0.00,n,,,n,n,,,0.00,n,241,8,,n
140,0,N,n,N,N,,,,,0.00,n,,,n,n,,,0.00,y,0,8,,y
141,0,N,n,N,N,,,,,,n,,,n,n,,,0.00,y,,,,n
142,0,Y,n,N,N,,,,,,n,,,n,n,,,0.00,y,,,,y
143,0,N,n,N,N,,,,,,n,,,n,n,,,0.00,y,,,,y
144,0,N,n,N,N,,,,,,n,,,n,n,,,0.00,y,,,,n
145,0,N,n,N,N,,,,,,n,,,n,n,,,0.00,y,,,,y
146,0,N,n,N,N,,,,,,n,,,n,n,,,0.00,y,,,,y
150,0,N,n,N,N,,,,,,n,,,n,n,,,0.00,y,,,,n
151,0,N,n,N,N,,,,,,n,,,n,n,,,0.00,y,,,,n
153,0,N,n,N,N,,,,,,n,,,n,n,,,0.00,y,,,,n
154,0,N,n,N,N,,,,,,n,,,n,n,,,0.00,y,,,,y
155,0,Y,n,N,N,,,,,0.00,n,,,n,n,,,0.00,y,,,,y
157,0,Y,n,N,N,,,,,,n,,,n,n,,,0.00,y,,,,y
161,0,N,n,N,N,,,,,,n,,,n,n,,,0.00,y,,,,y
162,0,N,n,N,N,,,,,,n,,,n,n,,,0.00,y,,,,n
164,0,N,n,N,N,,,,,,n,,,n,n,,,0.00,y,,,,y
171,0,N,n,N,N,,,,,,n,,,n,n,,,0.00,y,,,,n
172,0,N,n,N,N,,,,,0.00,n,,,n,n,,,0.00,y,,,,y
173,0,N,n,N,N,,,,,,n,,,n,n,,,0.00,y,,,,y
174,0,N,n,N,N,,,,,,n,,,n,n,,,0.00,y,,,,n
175,0,N,n,N,N,,,,,,n,,,n,n,,,0.00,y,,,,y
177,0,N,n,N,N,,,,,,n,,,n,n,,,0.00,y,,,,n
178,0,N,n,N,N,,,,,,n,,,n,n,,,0.00,y,,,,n
179,0,N,n,N,N,,,,,0.00,n,,,n,n,,,0.00,y,,,,y
180,0,N,n,N,N,,,,,,n,,,n,n,,,0.00,y,,,,n
181,0,N,n,N,N,,,,,,n,,,n,n,,,0.00,y,,,,n
182,0,N,n,N,N,,,,,,n,,,n,n,,,0.00,y,,,,n
183,0,N,n,N,N,,,,,0.00,n,,,n,n,,,0.00,y,,,,y
184,0,N,n,N,N,,,,,,n,,,n,n,,,0.00,y,,,,y
186,0,N,n,N,N,,,,,,n,,,n,n,,,0.00,y,,,,n
187,0,N,n,N,N,,,,,0.00,n,,,n,n,,,0.00,y,,,,y
188,0,N,n,N,N,,,,,,n,,,n,n,,,0.00,y,,,,n
189,0,Y,n,N,N,,,,,,n,,,n,n,,,0.00,y,,,,y
190,0,N,n,N,N,,,,,0.00,n,,,n,n,,,0.00,y,,,,y
191,0,N,n,N,N,,,,,,n,,,n,n,,,0.00,y,,,,n
192,0,N,n,N,N,,,,,,n,,,n,n,,,0.00,y,,,,y
193,0,N,n,N,N,,,,,,n,,,n,n,,,0.00,y,,,,y
194,0,N,n,N,N,,,,,,n,,,n,n,,,0.00,y,,,,n
195,0,N,n,N,N,,,,,,n,,,n,n,,,0.00,y,,,,n
197,0,N,n,N,N,,,,,,n,,,n,n,,,0.00,y,,,,n
198,0,Y,y,N,N,weisnoodlehouse@gmail.com,weis101,5f7883be98abb8b49c04,"toyourhomedeliveries@outlook.com,mattmenuottawa2@gmail.com",2.00,n,,,n,n,,,0.00,y,,,,n
199,0,N,n,N,N,,,,,,n,,,n,n,,,0.00,y,,,,y
200,0,Y,n,N,N,,,,,,n,,,n,n,,,0.00,y,,,,y
201,0,N,n,N,N,,,,,,n,,,n,n,,,0.00,y,,,,n
202,0,N,n,N,N,,,,,,n,,,n,n,,,0.00,y,,,,n
203,0,N,y,N,N,,,,"Deliveryzonecanada@gmail.com,mattmenuottawa2@gmail.com",0.00,n,,,n,n,,,0.00,n,235,10,,y
204,0,Y,n,N,N,,,,,0.00,n,,,n,n,,,0.00,y,,,,y
205,0,Y,n,N,N,,,,,0.00,n,,,n,n,,,0.00,y,,,,y
206,0,N,n,N,N,,,,,0.00,n,,,n,n,,,0.00,y,,,,y
207,0,N,n,N,N,,,,,,n,,,n,n,,,0.00,y,,,,y
208,0,N,n,N,N,,,,,,n,,,n,n,,,0.00,y,,,,y
209,0,N,n,N,N,,,,,0.00,n,,,n,n,,,0.00,y,,,,y
210,0,N,n,N,N,,,,,,n,,,n,n,,,0.00,y,0,0,,y
211,0,N,n,N,N,,,,,,n,,,n,n,,,0.00,y,,,,y
212,0,N,n,N,N,,,,,,n,,,n,n,,,0.00,y,,,,n
213,0,Y,n,N,N,,,,,0.00,n,,,n,n,,,0.00,y,,,,y
215,0,Y,n,N,N,,,,,,n,,,n,n,,,0.00,y,,,,y
216,0,N,n,N,N,,,,,,n,,,n,n,,,0.00,y,,,,n
217,0,N,n,N,N,,,,,,n,,,n,n,,,0.00,y,,,,n
218,0,N,n,N,N,,,,,0.00,n,,,n,n,,,0.00,n,373,8,,y
219,0,N,n,N,N,,,,,0.00,n,,,n,n,,,0.00,n,0,10,,y
221,0,N,n,N,N,,,,,,n,,,n,n,,,0.00,y,,,,n
223,0,N,n,N,N,,,,,,n,,,n,n,,,0.00,y,,,,n
224,0,N,n,N,N,,,,,0.00,n,,,n,n,,,0.00,y,,,,y
225,0,Y,n,N,N,,,,,,n,,,n,n,,,0.00,y,,,,y
226,0,N,n,N,N,,,,,,n,,,n,n,,,0.00,y,,,,n
227,0,N,n,N,N,,,,,,n,,,n,n,,,0.00,y,,,,n
228,0,N,n,N,N,,,,,,n,,,n,n,,,0.00,y,,,,y
229,0,N,n,N,N,,,,,,n,,,n,n,,,0.00,y,,,,n
230,0,N,n,N,N,,,,,,n,,,n,n,,,0.00,y,,,,n
231,0,N,n,N,N,,,,,,n,,,n,n,,,0.00,y,,,,y
232,0,N,n,N,N,,,,,,n,,,n,n,,,0.00,y,,,,n
234,0,N,n,N,N,,,,,,n,,,n,n,,,0.00,y,,,,y
235,0,N,n,N,N,,,,,,n,,,n,n,,,0.00,y,,,,y
236,0,N,n,N,N,,,,,,n,,,n,n,,,0.00,y,,,,n
237,0,N,n,N,N,,,,,,n,,,n,n,,,0.00,y,,,,y
238,0,N,n,N,N,,,,,0.00,n,,,n,n,,,0.00,y,,,,y
239,0,N,n,N,N,,,,,0.00,n,,,n,n,,,0.00,y,,,,y
240,0,N,n,N,N,,,,,,n,,,n,n,,,0.00,y,,,,n
241,0,N,n,N,N,,,,,,n,,,n,n,,,0.00,y,,,,n
242,0,N,n,N,N,,,,,,n,,,n,n,,,0.00,y,,,,n
245,0,N,n,N,N,,,,,0.00,n,,,n,n,,,0.00,y,,,,y
246,0,N,n,N,N,,,,,,n,,,n,n,,,0.00,y,,,,y
247,0,N,n,N,N,,,,,,n,,,n,n,,,0.00,y,,,,n
248,0,N,n,N,N,,,,,0.00,n,,,n,n,,,0.00,y,,,,n
249,0,N,n,N,N,,,,,,n,,,n,n,,,0.00,y,,,,n
251,0,N,n,N,N,,,,,,n,,,n,n,,,0.00,y,,,,n
253,0,N,n,N,N,,,,,,n,,,n,n,,,0.00,y,,,,n
254,0,N,n,N,N,,,,,,n,,,n,n,,,0.00,y,,,,n
255,0,N,n,N,N,,,,,,n,,,n,n,,,0.00,n,315,8,,y
256,0,N,n,N,N,,,,,0.00,n,,,n,n,,,0.00,y,,,,y
257,0,N,n,N,N,,,,,,n,,,n,n,,,0.00,y,,,,y
258,0,N,n,N,N,,,,,,n,,,n,n,,,0.00,y,,,,n
259,0,N,n,N,N,,,,,,n,,,n,n,,,0.00,y,,,,n
260,0,N,n,N,N,,,,,,n,,,n,n,,,0.00,y,,,,n
262,0,N,n,N,N,,,,,,n,,,n,n,,,0.00,y,,,,n
263,0,N,n,N,N,,,,,,n,,,n,n,,,0.00,y,,,,n
264,0,N,n,N,N,,,,,,n,,,n,n,,,0.00,y,,,,y
265,0,N,n,N,N,,,,,,n,,,n,n,,,0.00,y,,,,n
273,0,N,n,N,N,,,,,0.00,n,,,n,n,,,0.00,y,,,,y
274,0,N,n,N,N,,,,,,n,,,n,n,,,0.00,y,,,,n
275,0,N,n,N,N,,,,,,n,,,n,n,,,0.00,y,,,,y
276,0,N,n,N,N,,,,,,n,,,n,n,,,0.00,y,,,,n
277,0,N,n,N,N,,,,,,n,,,n,n,,,0.00,y,,,,n
278,0,N,n,N,N,,,,,,n,,,n,n,,,0.00,y,,,,n
280,0,N,n,N,N,,,,,,n,,,n,n,,,0.00,y,,,,n
281,0,N,n,N,N,,,,,,n,,,n,n,,,0.00,y,,,,n
283,0,N,n,N,N,,,,,,n,,,n,n,,,0.00,y,,,,n
284,0,N,n,N,N,,,,,,n,,,n,n,,,0.00,y,,,,n
285,0,N,n,N,N,,,,,,n,,,n,n,,,0.00,y,,,,n
286,0,N,n,N,N,,,,,,n,,,n,n,,,0.00,y,,,,y
287,0,N,n,N,N,,,,,0.00,n,,,n,n,,,0.00,y,,,,n
288,0,N,n,N,N,,,,,,n,,,n,n,,,0.00,y,,,,n
289,0,N,n,N,N,,,,,,n,,,n,n,,,0.00,y,,,,n
290,0,N,n,N,N,,,,,,n,,,n,n,,,0.00,y,,,,n
291,0,N,n,N,N,,,,,,n,,,n,n,,,0.00,y,,,,y
292,0,N,n,N,N,,,,,,n,,,n,n,,,0.00,y,,,,n
293,0,N,n,N,N,,,,,,n,,,n,n,,,0.00,y,,,,n
294,0,N,n,N,N,,,,,0.00,n,,,n,n,,,0.00,y,,,,y
295,0,N,n,N,N,,,,,0.00,n,,,n,n,,,0.00,y,,,,n
296,0,N,n,N,N,,,,,,n,,,n,n,,,0.00,y,,,,n
297,0,N,n,N,N,,,,,,n,,,n,n,,,0.00,y,,,,n
298,0,N,n,N,N,,,,,,n,,,n,n,,,0.00,y,,,,n
299,0,N,n,N,N,,,,,,n,,,n,n,,,0.00,y,,,,n
300,0,N,n,N,N,,,,,,n,,,n,n,,,0.00,y,,,,n
303,0,Y,n,N,N,,,,,,n,,,n,n,,,0.00,y,,,,n
304,0,N,n,N,N,,,,,,n,,,n,n,,,0.00,y,,,,n
305,0,N,n,N,N,,,,,,n,,,n,n,,,0.00,y,,,,n
306,0,N,n,N,N,,,,,,n,,,n,n,,,0.00,y,,,,n
307,0,N,n,N,N,,,,,,n,,,n,n,,,0.00,y,,,,n
310,0,N,n,N,N,,,,,,n,,,n,n,,,0.00,y,,,,n
311,0,N,n,N,N,,,,,,n,,,n,n,,,0.00,y,,,,n
312,0,N,n,N,N,,,,,,n,,,n,n,,,0.00,y,,,,y
313,0,N,n,N,N,,,,,,n,,,n,n,,,0.00,y,,,,n
314,0,N,n,N,N,,,,,,n,,,n,n,,,0.00,y,,,,n
315,0,N,n,N,N,,,,,,n,,,n,n,,,0.00,y,,,,n
316,0,N,n,N,N,,,,,,n,,,n,n,,,0.00,y,,,,n
317,0,N,n,N,N,,,,,,n,,,n,n,,,0.00,y,,,,n
318,0,N,n,N,N,,,,,,n,,,n,n,,,0.00,y,,,,y
319,0,N,n,N,N,,,,,,n,,,n,n,,,0.00,y,,,,n
320,0,N,n,N,N,,,,,,n,,,n,n,,,0.00,y,,,,n
321,0,N,n,N,N,,,,,,n,,,n,n,,,0.00,y,,,,n
322,0,N,n,N,N,,,,,,n,,,n,n,,,0.00,y,,,,n
323,0,N,y,N,N,,,,"Deliveryzonecanada@gmail.com,mattmenuottawa2@gmail.com",0.00,n,,,n,n,,,0.00,n,0,8,,y
324,0,N,n,N,N,,,,,0.00,n,,,n,n,,,0.00,y,,,,n
325,0,N,n,N,N,,,,,0.00,n,,,n,n,,,0.00,y,,,,y
326,0,N,n,N,N,,,,,,n,,,n,n,,,0.00,y,,,,n
327,0,N,n,N,N,,,,,0.00,n,,,n,n,,,0.00,y,,,,n
328,0,N,n,N,N,,,,,0.00,n,,,n,n,,,0.00,y,,,,y
329,0,N,n,N,N,,,,,,n,,,n,n,,,0.00,y,,,,n
330,0,N,n,N,N,,,,,,n,,,n,n,,,0.00,y,,,,n
331,0,N,n,N,N,,,,,,n,,,n,n,,,0.00,y,,,,n
332,0,N,n,N,N,,,,,,n,,,n,n,,,0.00,y,,,,n
333,0,N,n,N,N,,,,,,n,,,n,n,,,0.00,y,,,,n
334,0,N,n,N,N,,,,,0.00,n,,,n,n,,,0.00,n,0,8,,y
335,0,Y,n,N,N,,,,,,n,,,n,n,,,0.00,y,,,,y
336,0,N,n,N,N,,,,,,n,,,n,n,,,0.00,y,,,,n
337,0,N,n,N,N,,,,,,n,,,n,n,,,0.00,n,0,8,,y
339,0,N,n,N,N,,,,,,n,,,n,n,,,0.00,y,,,,n
340,0,N,n,N,N,,,,,0.00,n,,,n,n,,,0.00,y,,,,n
341,0,N,n,N,N,,,,,,n,,,n,n,,,0.00,y,,,,n
342,0,N,n,N,N,,,,,,n,,,n,n,,,0.00,y,,,,n
343,0,N,n,N,N,,,,,,n,,,n,n,,,0.00,y,,,,n
344,0,N,n,N,N,,,,,,n,,,n,n,,,0.00,y,,,,y
345,0,N,n,N,N,,,,,,n,,,n,n,,,0.00,y,,,,n
346,0,N,n,N,N,,,,,,n,,,n,n,,,0.00,y,,,,y
347,0,N,n,N,N,,,,,,n,,,n,n,,,0.00,y,,,,n
348,0,N,n,N,N,,,,,,n,,,n,n,,,0.00,y,,,,n
349,0,N,n,N,N,,,,,,n,,,n,n,,,0.00,y,,,,n
350,0,N,n,N,N,,,,,,n,,,n,n,,,0.00,y,,,,y
351,0,N,n,N,N,,,,,,n,,,n,n,,,0.00,y,,,,n
352,0,N,n,N,N,,,,,,n,,,n,n,,,0.00,y,,,,n
353,0,N,n,N,N,,,,,,n,,,n,n,,,0.00,y,,,,n
354,0,N,n,N,N,,,,,,n,,,n,n,,,0.00,y,,,,y
355,0,N,n,N,N,,,,,,n,,,n,n,,,0.00,y,,,,n
356,0,N,n,N,N,,,,,,n,,,n,n,,,0.00,y,,,,n
357,0,N,n,N,N,,,,,,n,,,n,n,,,0.00,y,,,,n
358,0,N,n,N,N,,,,,,n,,,n,n,,,0.00,y,,,,n
359,0,N,n,N,N,,,,,,n,,,n,n,,,0.00,y,,,,n
360,0,N,n,N,N,,,,,,n,,,n,n,,,0.00,y,,,,n
361,0,N,n,N,N,,,,,,n,,,n,n,,,0.00,y,,,,n
362,0,N,n,N,N,,,,,,n,,,n,n,,,0.00,n,294,8,,y
364,0,N,n,N,N,,,,,0.00,n,,,n,n,,,0.00,y,,,,y
365,0,N,n,N,N,,,,,,n,,,n,n,,,0.00,y,,,,n
366,0,N,n,N,N,,,,,,n,,,n,n,,,0.00,y,,,,n
367,0,N,n,N,N,,,,,,n,,,n,n,,,0.00,y,,,,n
368,0,N,n,N,N,,,,,,n,,,n,n,,,0.00,y,,,,n
369,0,N,n,N,N,,,,,,n,,,n,n,,,0.00,y,,,,n
370,0,N,n,N,N,,,,,,n,,,n,n,,,0.00,y,,,,n
371,0,N,n,N,N,,,,,,n,,,n,n,,,0.00,y,,,,n
372,0,N,n,N,N,,,,,,n,,,n,n,,,0.00,y,,,,n
373,0,N,n,N,N,,,,,,n,,,n,n,,,0.00,y,,,,n
374,0,N,n,N,N,,,,,,n,,,n,n,,,0.00,y,,,,y
375,0,N,n,N,N,,,,,,n,,,n,n,,,0.00,y,,,,n
376,0,N,n,N,N,,,,,0.00,n,,,n,n,,,0.00,y,,,,y
377,0,N,y,N,N,,,,"toyourhomedeliveries@outlook.com,mattmenuottawa@gmail.com",,n,,,n,n,,,0.00,y,,,,n
378,0,Y,n,N,N,georgeibrahim500@yahoo.com,angelos101,81d683d42e5a486b6d71,"Deliveryzonecanada@gmail.com,mattmenuottawa2@gmail.com",3.50,n,,,n,n,,,0.00,y,,,,n
379,0,N,n,N,N,,,,,,n,,,n,n,,,0.00,y,,,,n
380,0,N,n,N,N,,,,,,n,,,n,n,,,0.00,y,,,,n
383,0,N,n,N,N,,,,,,n,,,n,n,,,0.00,y,,,,y
384,0,N,n,N,N,,,,,0.00,n,,,n,n,,,0.00,y,,,,n
385,0,N,n,N,N,,,,,,n,,,n,n,,,0.00,y,,,,n
386,0,N,n,N,N,,,,,,n,,,n,n,,,0.00,y,,,,n
387,0,N,n,N,N,,,,,,n,,,n,n,,,0.00,y,,,,y
389,0,N,n,N,N,,,,,0.00,n,,,n,n,,,0.00,y,,,,n
391,0,N,n,N,N,,,,,,n,,,n,n,,,0.00,y,,,,y
392,0,Y,n,N,N,,,,,,n,,,n,n,,,0.00,y,,,,y
394,0,N,n,N,N,,,,,0.00,n,,,n,n,,,0.00,y,,,,y
395,0,N,n,N,N,,,,,0.00,n,,,n,n,,,0.00,y,,,,n
396,0,N,n,N,N,,,,,,n,,,n,n,,,0.00,y,,,,n
397,0,N,n,N,N,,,,,,n,,,n,n,,,0.00,y,,,,n
398,0,N,n,N,N,,,,,,n,,,n,n,,,0.00,y,,,,n
399,0,N,n,N,N,,,,,,n,,,n,n,,,0.00,y,,,,n
400,0,N,n,N,N,,,,,,n,,,n,n,,,0.00,y,,,,n
401,0,N,n,N,N,,,,,,n,,,n,n,,,0.00,y,,,,n
402,0,N,n,N,N,,,,,,n,,,n,n,,,0.00,y,,,,n
404,0,N,n,N,N,,,,,,n,,,n,n,,,0.00,y,,,,n
405,0,N,n,N,N,,,,,,n,,,n,n,,,0.00,y,,,,n
406,0,N,n,N,N,,,,,,n,,,n,n,,,0.00,y,,,,y
407,0,N,n,N,N,,,,,,n,,,n,n,,,0.00,y,,,,n
408,0,N,n,N,N,,,,,,n,,,n,n,,,0.00,y,,,,n
409,0,Y,n,N,N,,,,,,n,,,n,n,,,0.00,y,,,,n
410,0,N,n,N,N,,,,,,n,,,n,n,,,0.00,y,,,,n
411,0,N,n,N,N,,,,,,n,,,n,n,,,0.00,y,,,,y
412,0,N,n,N,N,,,,,,n,,,n,n,,,0.00,y,,,,n
413,0,N,n,N,N,,,,,0.00,n,,,n,n,,,0.00,y,,,,y
414,0,N,n,N,N,,,,,,n,,,n,n,,,0.00,y,,,,n
415,0,N,n,N,N,,,,,,n,,,n,n,,,0.00,y,,,,y
416,0,N,n,N,N,,,,toyourhomedeliveries@outlook.com,,n,,,n,n,,,0.00,y,,,,n
417,0,N,n,N,N,,,,,,n,,,n,n,,,0.00,y,,,,n
418,0,N,n,N,N,,,,,,n,,,n,n,,,0.00,y,,,,n
419,0,Y,n,N,N,,,,,,n,,,n,n,,,0.00,y,,,,y
421,0,N,n,N,N,,,,,,n,,,n,n,,,0.00,y,,,,n
422,0,N,n,N,N,,,,,,n,,,n,n,,,0.00,y,,,,n
423,0,N,n,N,N,,,,,,n,,,n,n,,,0.00,y,,,,n
424,0,N,n,N,N,,,,,,n,,,n,n,,,0.00,y,,,,n
425,0,N,n,N,N,,,,,,n,,,n,n,,,0.00,y,,,,n
426,0,N,n,N,N,,,,,,n,,,n,n,,,0.00,y,,,,n
427,0,Y,n,N,N,,,,,,n,,,n,n,,,0.00,y,,,,n
428,0,N,n,N,N,,,,,,n,,,n,n,,,0.00,y,,,,n
429,0,N,n,N,N,,,,,0.00,n,,,n,n,,,0.00,y,,,,n
430,0,N,n,N,N,,,,,,n,,,n,n,,,0.00,y,,,,n
431,0,N,n,N,N,,,,,,n,,,n,n,,,0.00,y,,,,n
432,0,N,n,N,N,,,,,,n,,,n,n,,,0.00,y,,,,n
433,0,N,n,N,N,,,,,0.00,n,,,n,n,,,0.00,y,,,,n
434,0,N,n,N,N,,,,,0.00,n,,,n,n,,,0.00,y,,,,n
436,0,N,n,N,N,,,,,,n,,,n,n,,,0.00,y,,,,n
438,0,N,n,N,N,,,,,,n,,,n,n,,,0.00,y,,,,n
439,0,N,n,N,N,,,,,,n,,,n,n,,,0.00,y,,,,n
441,0,N,n,N,N,,,,,,n,,,n,n,,,0.00,y,,,,n
442,0,N,n,N,N,,,,,,n,,,n,n,,,0.00,y,,,,n
443,0,N,n,N,N,,,,,,n,,,n,n,,,0.00,y,,,,n
447,0,N,n,N,N,,,,,,n,,,n,n,,,0.00,y,,,,n
448,0,N,n,N,N,,,,,,n,,,n,n,,,0.00,y,,,,n
449,0,N,n,N,N,,,,,,n,,,n,n,,,0.00,y,,,,n
450,0,N,n,N,N,,,,,,n,,,n,n,,,0.00,n,256,8,,n
451,0,N,y,N,N,,,,toyourhomedeliveries@outlook.com,,n,,,n,n,,,0.00,y,,,,n
452,0,N,n,N,N,,,,,0.00,n,,,n,n,,,0.00,y,,,,n
453,0,N,n,N,N,,,,toyourhomedeliveries@outlook.com,0.00,n,,,n,n,,,0.00,y,,,,y
454,0,N,n,N,N,,,,,,n,,,n,n,,,0.00,y,,,,n
455,0,N,n,N,N,,,,,,n,,,n,n,,,0.00,y,,,,y
457,0,N,n,N,N,,,,,0.00,n,,,n,n,,,0.00,y,,,,n
458,0,N,n,N,N,,,,,0.00,n,,,n,n,,,0.00,y,,,,n
459,0,N,n,N,N,,,,,,n,,,n,n,,,0.00,y,,,,n
460,0,N,n,N,N,,,,,,n,,,n,n,,,0.00,y,,,,n
461,0,N,n,N,N,,,,,,n,,,n,n,,,0.00,y,,,,n
462,0,N,n,N,N,,,,,,n,,,n,n,,,0.00,y,,,,n
463,0,Y,n,N,N,,,,,,n,,,n,n,,,0.00,y,,,,n
464,0,N,n,N,N,,,,,,n,,,n,n,,,0.00,y,,,,n
466,0,N,n,N,N,,,,,,n,,,n,n,,,0.00,y,,,,n
468,0,N,n,N,N,,,,,,n,,,n,n,,,0.00,y,,,,n
469,0,N,n,N,N,,,,,,n,,,n,n,,,0.00,y,,,,n
470,0,N,n,N,N,,,,,,n,,,n,n,,,0.00,y,,,,n
471,0,N,n,N,N,,,,,,n,,,n,n,,,0.00,y,,,,n
472,0,N,n,N,N,,,,,,n,,,n,n,,,0.00,y,,,,n
473,0,Y,n,N,N,,,,,,n,,,n,n,,,0.00,y,,,,n
474,0,N,n,N,N,,,,,,n,,,n,n,,,0.00,y,,,,n
475,0,N,n,N,N,,,,,,n,,,n,n,,,0.00,y,,,,n
476,0,N,n,N,N,,,,,,n,,,n,n,,,0.00,y,,,,n
477,0,N,n,N,N,,,,,,n,,,n,n,,,0.00,y,,,,n
483,0,N,n,N,N,,,,,,n,,,n,n,,,0.00,y,,,,n
484,0,N,n,N,N,,,,,,n,,,n,n,,,0.00,y,,,,n
485,0,N,n,N,N,,,,,,n,,,n,n,,,0.00,y,,,,n
486,0,Y,n,N,N,,,,,,n,,,n,n,,,0.00,y,,,,n
487,0,N,n,N,N,,,,,,n,,,n,n,,,0.00,y,,,,n
488,0,N,n,N,N,,,,,,n,,,n,n,,,0.00,y,,,,n
489,0,Y,n,N,N,,,,,,n,,,n,n,,,0.00,y,,,,y
490,0,N,n,N,N,,,,,,n,,,n,n,,,0.00,y,,,,n
492,0,N,n,N,N,,,,,,n,,,n,n,,,0.00,y,,,,n
493,0,N,n,N,N,,,,,,n,,,n,n,,,0.00,y,,,,n
494,0,N,n,N,N,,,,,,n,,,n,n,,,0.00,y,,,,n
495,0,N,n,N,N,,,,,,n,,,n,n,,,0.00,y,,,,n
496,0,N,n,N,N,,,,,,n,,,n,n,,,0.00,y,,,,n
497,0,N,n,N,N,,,,,,n,,,n,n,,,0.00,y,,,,n
498,0,N,n,N,N,,,,,,n,,,n,n,,,0.00,y,,,,n
499,0,N,n,N,N,,,,,,n,,,n,n,,,0.00,y,,,,n
500,0,N,n,N,N,,,,,,n,,,n,n,,,0.00,y,,,,n
501,0,N,n,N,N,,,,,,n,,,n,n,,,0.00,y,,,,n
502,0,N,n,N,N,,,,,,n,,,n,n,,,0.00,y,,,,n
504,0,N,n,N,N,,,,,,n,,,n,n,,,0.00,y,,,,n
505,0,N,n,N,N,,,,,,n,,,n,n,,,0.00,y,,,,n
506,0,N,n,N,N,,,,,,n,,,n,n,,,0.00,y,,,,n
507,0,N,n,N,N,,,,,,n,,,n,n,,,0.00,y,,,,n
508,0,N,n,N,N,,,,,,n,,,n,n,,,0.00,y,,,,n
509,0,N,n,N,N,,,,,0.00,n,,,n,n,,,0.00,y,,,,n
510,0,N,n,N,N,,,,,,n,,,n,n,,,0.00,y,,,,n
511,0,N,n,N,N,,,,,0.00,n,,,n,n,,,0.00,y,,,,y
512,0,N,n,N,N,,,,,,n,,,n,n,,,0.00,y,,,,y
513,0,Y,n,N,N,,,,,,n,,,n,n,,,0.00,y,,,,y
514,0,N,n,N,N,,,,,,n,,,n,n,,,0.00,y,,,,n
515,0,N,n,N,N,,,,,,n,,,n,n,,,0.00,y,,,,n
516,0,N,n,N,N,,,,,,n,,,n,n,,,0.00,y,,,,n
517,0,N,n,N,N,,,,,,n,,,n,n,,,0.00,y,,,,n
518,0,Y,n,N,N,,,,,,n,,,n,n,,,0.00,y,,,,n
519,0,N,n,N,N,,,,,,n,,,n,n,,,0.00,y,,,,y
520,0,N,n,N,N,,,,,,n,,,n,n,,,0.00,y,,,,n
521,0,N,n,N,N,,,,,,n,,,n,n,,,0.00,y,,,,n
523,0,Y,n,N,N,,,,,0.00,n,,,n,n,,,0.00,y,,,,n
524,0,N,n,N,N,,,,,,n,,,n,n,,,0.00,y,,,,n
525,0,N,n,N,N,,,,,,n,,,n,n,,,0.00,y,,,,n
527,0,N,n,N,N,,,,,,n,,,n,n,,,0.00,y,,,,n
528,0,N,n,N,N,,,,,,n,,,n,n,,,0.00,y,,,,n
529,0,N,n,N,N,,,,,,n,,,n,n,,,0.00,y,,,,n
530,0,N,n,N,N,,,,,,n,,,n,n,,,0.00,y,,,,n
531,0,N,n,N,N,,,,,,n,,,n,n,,,0.00,y,,,,n
532,0,N,n,N,N,,,,,,n,,,n,n,,,0.00,y,,,,y
533,0,N,n,N,N,,,,,,n,,,n,n,,,0.00,y,,,,n
534,0,N,n,N,N,,,,,,n,,,n,n,,,0.00,y,,,,n
535,0,N,n,N,N,,,,,,n,,,n,n,,,0.00,y,,,,n
537,0,Y,n,N,N,,,,,,n,,,n,n,,,0.00,y,,,,n
538,0,Y,n,N,N,,,,,,n,,,n,n,,,0.00,y,,,,n
539,0,N,n,N,N,,,,,,n,,,n,n,,,0.00,y,,,,n
540,0,N,n,N,N,,,,,,n,,,n,n,,,0.00,y,,,,n
541,0,N,n,N,N,,,,,0.00,n,,,n,n,,,0.00,y,,,,y
542,0,N,n,N,N,,,,,,n,,,n,n,,,0.00,y,,,,y
543,0,N,n,N,N,,,,,,n,,,n,n,,,0.00,y,,,,n
544,0,N,n,N,N,,,,,,n,,,n,n,,,0.00,y,,,,n
545,0,Y,n,N,N,,,,,,n,,,n,n,,,0.00,y,,,,n
546,0,N,n,N,N,,,,,,n,,,n,n,,,0.00,y,,,,n
547,0,Y,n,N,N,,,,,,n,,,n,n,,,0.00,y,,,,y
548,0,N,n,N,N,,,,,,n,,,n,n,,,0.00,y,,,,n
549,0,Y,n,N,N,,,,,,n,,,n,n,,,0.00,y,,,,n
550,0,N,n,N,N,,,,,0.00,n,,,n,n,,,0.00,y,,,,n
551,0,N,n,N,N,,,,,,n,,,n,n,,,0.00,y,,,,n
552,0,N,n,N,N,,,,,,n,,,n,n,,,0.00,y,,,,n
553,0,N,n,N,N,,,,,,n,,,n,n,,,0.00,y,,,,y
554,0,N,n,N,N,,,,,,n,,,n,n,,,0.00,y,,,,n
557,0,N,n,N,N,,,,,,n,,,n,n,,,0.00,y,,,,n
558,0,N,n,N,N,,,,,,n,,,n,n,,,0.00,y,,,,n
559,0,N,n,N,N,,,,,,n,,,n,n,,,0.00,y,,,,n
560,0,N,n,N,N,,,,,,n,,,n,n,,,0.00,y,,,,n
562,0,N,n,N,N,,,,,,n,,,n,n,,,0.00,y,,,,n
563,0,N,n,N,N,,,,,,n,,,n,n,,,0.00,y,,,,n
564,0,N,n,N,N,,,,,,n,,,n,n,,,0.00,y,,,,n
565,0,N,n,N,N,,,,,,n,,,n,n,,,0.00,y,,,,n
566,0,N,n,N,N,,,,,,n,,,n,n,,,0.00,y,,,,n
567,0,N,n,N,N,,,,,,n,,,n,n,,,0.00,y,,,,n
569,0,Y,n,N,N,,,,,,n,,,n,n,,,0.00,y,,,,n
571,0,N,n,N,N,,,,,,n,,,n,n,,,0.00,y,,,,n
572,0,N,n,N,N,,,,,0.00,n,,,n,n,,,0.00,y,,,,n
573,0,N,n,N,N,,,,,,n,,,n,n,,,0.00,y,,,,n
575,0,N,n,N,N,,,,,,n,,,n,n,,,0.00,y,,,,n
576,0,N,n,N,N,,,,,,n,,,n,n,,,0.00,y,,,,n
577,0,N,n,N,N,,,,,,n,,,n,n,,,0.00,y,,,,n
578,0,N,n,N,N,,,,,,n,,,n,n,,,0.00,y,,,,n
579,0,N,n,N,N,,,,,0.00,n,,,n,n,,,0.00,y,,,,n
580,0,N,n,N,N,,,,,,n,,,n,n,,,0.00,y,,,,n
581,0,N,n,N,N,,,,,,n,,,n,n,,,0.00,y,,,,n
582,0,N,n,N,N,,,,,,n,,,n,n,,,0.00,y,,,,n
583,0,N,n,N,N,,,,,,n,,,n,n,,,0.00,y,,,,n
584,0,N,n,N,N,,,,,,n,,,n,n,,,0.00,y,,,,n
585,0,N,n,N,N,,,,,0.00,n,,,n,n,,,0.00,y,,,,n
586,0,N,n,N,N,,,,,,n,,,n,n,,,0.00,y,,,,n
587,0,N,n,N,N,,,,,,n,,,n,n,,,0.00,y,,,,n
588,0,N,n,N,N,,,,,,n,,,n,n,,,0.00,y,,,,n
589,0,N,n,N,N,,,,,,n,,,n,n,,,0.00,y,,,,n
590,0,N,n,N,N,,,,,,n,,,n,n,,,0.00,y,,,,n
591,0,Y,n,N,N,,,,,,n,,,n,n,,,0.00,y,,,,n
592,0,N,n,N,N,,,,,,n,,,n,n,,,0.00,y,,,,n
593,0,N,n,N,N,,,,,,n,,,n,n,,,0.00,y,,,,n
594,0,N,n,N,N,,,,,,n,,,n,n,,,0.00,y,,,,n
595,0,N,n,N,N,,,,,,n,,,n,n,,,0.00,y,,,,n
596,0,N,n,N,N,,,,,,n,,,n,n,,,0.00,y,,,,n
597,0,N,n,N,N,,,,,,n,,,n,n,,,0.00,y,,,,n
599,0,N,n,N,N,,,,,,n,,,n,n,,,0.00,y,,,,n
600,0,N,n,N,N,,,,,0.00,n,,,n,n,,,0.00,y,,,,y
601,0,N,n,N,N,,,,,,n,,,n,n,,,0.00,y,,,,n
602,0,N,n,N,N,,,,,,n,,,n,n,,,0.00,y,,,,n
603,0,N,n,N,N,,,,,,n,,,n,n,,,0.00,y,,,,n
604,0,N,n,N,N,,,,,,n,,,n,n,,,0.00,y,,,,n
606,0,N,n,N,N,,,,,,n,,,n,n,,,0.00,y,,,,n
607,0,N,y,N,N,,,,"toyourhomedeliveries@outlook.com,mattmenuottawa2@gmail.com",0.00,n,,,n,n,,,0.00,y,,,,n
608,0,N,n,N,N,,,,,,n,,,n,n,,,0.00,y,,,,n
609,0,N,n,N,N,,,,,,n,,,n,n,,,0.00,y,,,,n
611,0,N,n,N,N,,,,,,n,,,n,n,,,0.00,y,,,,n
612,0,N,n,N,N,,,,,,n,,,n,n,,,0.00,y,,,,y
613,0,Y,n,N,N,,,,,,n,,,n,n,,,0.00,y,,,,y
614,0,Y,n,N,N,,,,,,n,,,n,n,,,0.00,y,,,,n
615,0,N,y,N,N,,,,"toyourhomedeliveries@outlook.com,mattmenuottawa2@gmail.com",0.00,n,,,n,n,,,0.00,y,,,,n
616,0,N,n,N,N,,,,,,n,,,n,n,,,0.00,y,,,,n
618,0,N,n,N,N,,,,,,n,,,n,n,,,0.00,y,,,,n
620,0,N,n,N,N,,,,,,n,,,n,n,,,0.00,y,,,,y
623,0,Y,n,N,N,,,,,,n,,,n,n,,,0.00,y,,,,n
624,0,N,n,N,N,,,,,,n,,,n,n,,,0.00,y,,,,y
626,0,N,n,N,N,,,,,,n,,,n,n,,,0.00,y,,,,n
627,0,N,n,N,N,,,,,,n,,,n,n,,,0.00,y,,,,n
628,0,N,n,N,N,,,,,,n,,,n,n,,,0.00,y,,,,n
629,0,N,n,N,N,,,,,,n,,,n,n,,,0.00,y,,,,n
630,0,N,n,N,N,,,,,,n,,,n,n,,,0.00,y,,,,n
631,0,N,n,N,N,,,,,,n,,,n,n,,,0.00,y,,,,n
633,0,N,n,N,N,,,,,,n,,,n,n,,,0.00,y,,,,n
635,0,N,n,N,N,,,,,0.00,n,,,n,n,,,0.00,y,,,,n
636,0,N,n,N,N,,,,,,n,,,n,n,,,0.00,y,,,,n
637,0,N,n,N,N,,,,,,n,,,n,n,,,0.00,y,,,,n
638,0,N,n,N,N,,,,,,n,,,n,n,,,0.00,y,,,,n
639,0,N,n,N,N,,,,,,n,,,n,n,,,0.00,y,,,,n
642,0,Y,n,N,N,,,,,,n,,,n,n,,,0.00,y,,,,n
643,0,N,n,N,N,,,,,,n,,,n,n,,,0.00,y,,,,n
644,0,N,n,N,N,,,,,,n,,,n,n,,,0.00,y,,,,n
645,0,N,n,N,N,,,,,,n,,,n,n,,,0.00,y,,,,n
646,0,N,n,N,N,,,,,,n,,,n,n,,,0.00,y,,,,n
649,0,N,n,N,N,,,,,0.00,n,,,n,n,,,0.00,y,,,,n
650,0,N,n,N,N,,,,,,n,,,n,n,,,0.00,y,,,,n
651,0,Y,n,N,N,,,,,0.00,n,,,n,n,,,0.00,y,,,,y
652,0,N,n,N,N,,,,"Deliveryzonecanada@gmail.com,mattmenuottawa2@gmail.com",,n,,,n,n,,,0.00,y,,,,n
654,0,Y,n,N,N,,,,,,n,,,n,n,,,0.00,y,,,,n
656,0,Y,n,N,N,,,,,,n,,,n,n,,,0.00,y,,,,y
657,0,Y,n,N,N,,,,,0.00,n,,,n,n,,,0.00,y,,,,y
659,0,N,n,N,N,,,,,,n,,,n,n,,,0.00,y,,,,n
660,0,N,n,N,N,,,,,,n,,,n,n,,,0.00,y,,,,n
661,0,N,n,N,N,,,,,,n,,,n,n,,,0.00,y,,,,n
662,0,N,n,N,N,,,,,,n,,,n,n,,,0.00,y,,,,n
663,0,N,n,N,N,,,,,,n,,,n,n,,,0.00,y,,,,n
664,0,N,n,N,N,,,,,,n,,,n,n,,,0.00,y,,,,n
665,0,N,n,N,N,,,,,,n,,,n,n,,,0.00,y,,,,n
666,0,N,n,N,N,,,,,,n,,,n,n,,,0.00,y,,,,n
668,0,N,n,N,N,,,,,,n,,,n,n,,,0.00,y,,,,n
669,0,N,n,N,N,,,,,0.00,n,,,n,n,,,0.00,y,,,,y
670,0,N,n,N,N,,,,,,n,,,n,n,,,0.00,y,,,,n
671,0,N,n,N,N,,,,,,n,,,n,n,,,0.00,y,,,,n
672,0,N,n,N,N,,,,,,n,,,n,n,,,0.00,y,,,,y
673,0,Y,n,N,N,,,,,,n,,,n,n,,,0.00,y,,,,n
683,0,N,n,N,N,,,,,,n,,,n,n,,,0.00,y,,,,n
684,0,N,n,N,N,,,,,,n,,,n,n,,,0.00,y,,,,n
686,0,N,n,N,N,,,,,0.00,n,,,n,n,,,0.00,y,,,,y
687,0,N,n,N,N,,,,,,n,,,n,n,,,0.00,y,,,,n
688,0,N,n,N,N,,,,,,n,,,n,n,,,0.00,y,,,,n
692,0,N,n,N,N,,,,,,n,,,n,n,,,0.00,y,,,,n
694,0,N,n,N,N,,,,,,n,,,n,n,,,0.00,y,,,,y
695,0,N,n,N,N,,,,,,n,,,n,n,,,0.00,y,,,,y
696,0,N,n,N,N,,,,,,n,,,n,n,,,0.00,y,,,,n
697,0,N,n,N,N,,,,,,n,,,n,n,,,0.00,y,,,,n
698,0,N,n,N,N,,,,,,n,,,n,n,,,0.00,y,,,,n
699,0,Y,n,N,N,,,,,,n,,,n,n,,,0.00,y,,,,n
700,0,N,n,N,N,,,,,,n,,,n,n,,,0.00,y,,,,n
701,0,N,n,N,N,,,,,,n,,,n,n,,,0.00,y,,,,y
703,0,N,n,N,N,,,,,,n,,,n,n,,,0.00,y,,,,y
704,0,N,n,N,N,,,,,,n,,,n,n,,,0.00,y,,,,n
705,0,N,n,N,N,,,,,,n,,,n,n,,,0.00,y,,,,n
706,0,N,n,N,N,,,,,,n,,,n,n,,,0.00,y,,,,n
707,0,N,n,N,N,,,,,,n,,,n,n,,,0.00,y,,,,y
708,0,N,n,N,N,,,,,,n,,,n,n,,,0.00,n,431,8,,n
709,0,N,n,N,N,,,,,,n,,,n,n,,,0.00,y,,,,n
710,0,N,n,N,N,,,,,,n,,,n,n,,,0.00,y,,,,n
711,0,Y,n,N,N,,,,,0.00,n,onlinealcohol,beerman@beerman.com,y,n,,,0.00,y,,,,y
712,0,N,n,N,N,,,,,,n,,,n,n,,,0.00,y,,,,y
713,0,N,n,N,N,,,,,,n,,,n,n,,,0.00,y,,,,n
714,0,N,n,N,N,,,,,,n,,,n,n,,,0.00,y,,,,n
715,0,N,n,N,N,,,,,,n,,,n,n,,,0.00,y,,,,n
716,0,N,n,N,N,,,,,,n,,,n,n,,,0.00,y,,,,y
717,0,N,n,N,N,,,,,,n,,,n,n,,,0.00,y,,,,n
718,0,Y,n,N,N,,,,,,n,,,n,n,,,0.00,y,,,,n
719,0,Y,n,N,N,,,,,,n,,,n,n,,,0.00,y,,,,n
721,0,N,n,N,N,,,,,,n,,,n,n,,,0.00,y,,,,y
722,0,N,n,N,N,,,,,,n,,,n,n,,,0.00,y,,,,n
724,0,N,n,N,N,,,,,,n,,,n,n,,,0.00,y,,,,n
726,0,N,n,N,N,,,,,0.00,n,,,n,n,,,0.00,y,,,,n
727,0,N,n,N,N,,,,,,n,,,n,n,,,0.00,y,,,,y
728,0,N,n,N,N,,,,,,n,,,n,n,,,0.00,y,,,,n
729,0,Y,n,N,N,,,,,,n,,,n,n,,,0.00,y,,,,y
730,0,N,n,N,N,,,,,,n,,,n,n,,,0.00,y,,,,n
732,0,Y,n,N,N,,,,,,n,,,n,n,,,0.00,y,,,,n
733,0,N,n,N,N,,,,,,n,,,n,n,,,0.00,y,,,,n
734,0,Y,n,N,N,,,,,,n,,,n,n,,,0.00,y,,,,n
735,0,N,n,N,N,,,,,0.00,n,,,n,n,,,0.00,y,,,,n
736,0,N,n,N,N,,,,,,n,,,n,n,,,0.00,y,,,,y
737,0,N,n,N,N,,,,,,n,,,n,n,,,0.00,y,,,,n
738,0,N,n,N,N,,,,,,n,,,n,n,,,0.00,y,,,,n
739,0,Y,n,N,N,,,,,,n,,,n,n,,,0.00,y,,,,y
746,0,N,n,N,N,,,,,,n,,,n,n,,,0.00,y,,,,n
748,0,N,y,N,N,,,,"toyourhomedeliveries@outlook.com,mattmenuottawa2@gmail.com",0.00,n,,,n,n,,,0.00,y,,,,n
749,0,N,y,N,N,,,,"menuottawa@geodispatch.ca,mattmenuottawa@gmail.com,matt@pmrd.net,marc@deliverydirect.ca",,n,,,n,n,,,0.00,y,,,,n
750,0,N,n,N,N,,,,,,n,,,n,n,,,0.00,n,279,8,,n
752,0,N,n,N,N,,,,,,n,,,n,n,,,0.00,y,,,,n
753,0,N,n,N,N,,,,,,n,,,n,n,,,0.00,y,,,,n
754,0,N,n,N,N,,,,,,n,,,n,n,,,0.00,y,,,,n
756,0,N,n,N,N,,,,,,n,,,n,n,,,0.00,y,,,,y
757,0,N,n,N,N,,,,,0.00,n,,,n,n,,,0.00,y,,,,n
758,0,N,n,N,N,,,,,,n,,,n,n,,,0.00,y,,,,y
759,0,N,n,N,N,,,,,,n,,,n,n,,,0.00,y,,,,n
760,0,N,n,N,N,,,,,,n,,,n,n,,,0.00,n,272,8,,n
761,0,N,y,N,N,vincent.gobuyan@gmail.com,green101,4b13f4702e1689437bfa,"weegoca@gmail.com,mattmenuottawa@gmail.com",2.00,n,,,n,n,,,0.00,y,,,,n
762,0,N,n,N,N,,,,,,n,,,n,n,,,0.00,y,,,,n
763,0,Y,n,N,N,,,,,0.00,n,,,n,n,,,0.00,y,,,,y
764,0,Y,n,N,N,,,,,,n,,,n,n,,,0.00,y,,,,y
766,0,N,n,N,N,,,,,,n,,,n,n,,,0.00,y,,,,y
767,0,N,n,N,N,,,,,,n,,,n,n,,,0.00,y,,,,n
768,0,Y,n,N,N,,,,,,n,,,n,n,,,0.00,y,,,,y
769,0,N,n,N,N,,,,,,n,,,n,n,,,0.00,y,,,,n
770,0,Y,n,N,N,,,,,,n,,,n,n,,,0.00,y,,,,n
771,0,N,n,N,N,,,,,,n,,,n,n,,,0.00,y,,,,n
772,0,N,n,N,N,,,,,,n,,,n,n,,,0.00,y,,,,n
773,0,N,n,N,N,,,,,,n,,,n,n,,,0.00,y,,,,n
774,0,N,y,N,N,,,,"menuottawa@geodispatch.ca,mattmenuottawa@gmail.com,marc@deliverydirect.ca",,n,,,n,n,,,0.00,y,,,,n
775,0,N,n,N,N,,,,,,n,,,n,n,,,0.00,y,,,,n
776,0,N,n,N,N,,,,,,n,,,n,n,,,0.00,y,,,,n
777,0,N,n,N,N,,,,,0.00,n,,,n,n,,,0.00,y,,,,n
778,0,N,n,N,N,,,,,,n,,,n,n,,,0.00,y,,,,n
780,0,Y,n,N,N,,,,,,n,,,n,n,,,0.00,y,,,,n
781,0,N,n,N,N,,,,,,n,,,n,n,,,0.00,y,,,,y
782,0,N,n,N,N,,,,,,n,,,n,n,,,0.00,y,,,,y
783,0,N,n,N,N,,,,,,n,,,n,n,,,0.00,y,,,,n
784,0,N,n,N,N,,,,,,n,,,n,n,,,0.00,y,,,,n
785,0,N,n,N,N,,,,,0.00,n,,,n,n,,,0.00,y,,,,y
786,0,N,n,N,N,,,,,,n,,,n,n,,,0.00,y,,,,n
787,0,N,n,N,N,,,,,,n,,,n,n,,,0.00,y,,,,n
788,0,N,n,N,N,,,,,,n,,,n,n,,,0.00,y,,,,n
789,0,Y,n,N,N,,,,,,n,,,n,n,,,0.00,y,,,,y
790,0,Y,n,N,N,,,,,,n,,,n,n,,,0.00,y,,,,n
791,0,Y,n,N,N,,,,,0.00,n,,,n,n,,,0.00,y,,,,n
792,0,N,n,N,N,,,,,,n,,,n,n,,,0.00,y,,,,n
793,0,N,n,N,N,,,,,,n,,,n,n,,,0.00,y,,,,n
794,0,N,n,N,N,,,,,,n,,,n,n,,,0.00,y,,,,n
795,0,N,n,N,N,,,,,0.00,n,,,n,n,,,0.00,y,,,,n
796,0,N,n,N,N,,,,,,n,,,n,n,,,0.00,y,,,,n
797,0,N,n,N,N,,,,,,n,,,n,n,,,0.00,y,,,,n
798,0,N,y,N,N,,,,matt@pmrd.net,,n,,,n,n,,,0.00,y,,,,n
799,0,N,n,N,N,,,,,,n,,,n,n,,,0.00,y,,,,n
800,0,N,n,N,N,,,,,,n,,,n,n,,,0.00,y,,,,n
802,0,N,n,N,N,fido_issa@hotmail.com,andalos101,8ffc353d4e0b7d16a369,"toyourhomedeliveries@outlook.com,mattmenuottawa2@gmail.com",3.50,n,,,n,n,,,0.00,y,,,,n
803,0,Y,n,N,N,,,,,,n,,,n,n,,,0.00,y,,,,n
804,0,N,n,N,N,,,,,0.00,n,,,n,n,,,0.00,y,,,,n
805,0,N,n,N,N,,,,,,n,,,n,n,,,0.00,y,,,,y
806,0,Y,n,N,N,,,,,,n,,,n,n,,,0.00,y,,,,n
807,0,Y,n,N,N,,,,,,n,,,n,n,,,0.00,y,,,,y
808,0,N,n,N,N,,,,,,n,,,n,n,,,0.00,y,,,,y
809,0,N,n,N,N,,,,,,n,,,n,n,,,0.00,y,,,,n
810,0,Y,n,N,N,,,,,,n,,,n,n,,,0.00,y,,,,y
811,0,Y,n,N,N,,,,,,n,,,n,n,,,0.00,y,,,,n
812,0,N,y,N,N,,,,toyourhomedeliveries@outlook.com,,n,,,n,n,,,0.00,y,,,,n
813,0,N,n,N,N,,,,,,n,,,n,n,,,0.00,y,,,,n
815,0,N,n,N,N,,,,,,n,,,n,n,,,0.00,y,,,,y
816,0,N,n,N,N,,,,,,n,,,n,n,,,0.00,y,,,,n
817,0,N,n,N,N,,,,,,n,,,n,n,,,0.00,y,,,,y
818,0,Y,n,N,N,,,,,,n,,,n,n,,,0.00,y,,,,y
819,0,N,n,N,N,,,,,,n,,,n,n,,,0.00,n,96,8,,n
820,0,N,n,N,N,,,,,,n,,,n,n,,,0.00,y,,,,n
821,0,N,n,N,N,,,,,,n,,,n,n,,,0.00,y,,,,n
822,0,N,n,N,N,,,,,,n,,,n,n,,,0.00,y,,,,n
824,0,Y,n,N,N,,,,,0.00,n,,,n,n,,,0.00,y,,,,y
825,0,N,n,N,N,,,,,,n,,,n,n,,,0.00,y,,,,y
826,0,Y,n,N,N,,,,,,n,,,n,n,,,0.00,y,,,,y
827,0,N,n,N,N,,,,,,n,,,n,n,,,0.00,y,,,,n
828,0,N,y,N,N,phovanvan127,phovanvan127,,"marc@deliverydirect.ca,mattmenuottawa@gmail.com",,n,,,n,n,,,0.00,y,,,,n
829,0,N,y,N,N,,,,"menuottawa@geodispatch.ca,mattmenuottawa@gmail.com",,n,,,n,n,,,0.00,y,,,,n
830,0,N,n,N,N,,,,,,n,,,n,n,,,0.00,y,,,,y
831,0,N,n,N,N,,,,,,n,,,n,n,,,0.00,y,,,,n
832,0,N,n,N,N,,,,,,n,,,n,n,,,0.00,y,,,,n
833,0,Y,n,N,N,,,,,0.00,n,,,n,n,,,0.00,y,,,,y
834,0,N,n,N,N,,,,,,n,,,n,n,,,0.00,y,,,,n
835,0,N,n,N,N,,,,,,n,,,n,n,,,0.00,y,,,,n
836,0,N,n,N,N,,,,,,n,,,n,n,,,0.00,y,,,,n
838,0,N,n,N,N,,,,,,n,,,n,n,,,0.00,y,,,,y
839,0,N,n,N,N,,,,,,n,,,n,n,,,0.00,y,,,,y
840,0,N,n,N,N,,,,,,n,,,n,n,,,0.00,y,,,,y
841,0,N,n,N,N,,,,,0.00,n,,,n,n,,,0.00,y,,,,n
842,0,N,n,N,N,,,,,0.00,n,,,n,n,,,0.00,y,,,,n
843,0,N,n,N,N,graceabide@hotmail.com,grace101,1ef7be72b37bec3d6667,"Deliveryzonecanada@gmail.com,mattmenuottawa2@gmail.com",3.50,n,,,n,n,,,0.00,y,,,,n
844,0,Y,n,N,N,,,,,,n,,,n,n,,,0.00,y,,,,y
847,0,N,n,N,N,,,,,,n,,,n,n,,,0.00,y,,,,n
848,0,N,n,N,N,,,,,,n,,,n,n,,,0.00,y,,,,n
849,0,N,n,N,N,,,,,,n,,,n,n,,,0.00,y,,,,n
850,0,N,n,N,N,,,,,0.00,n,,,n,n,,,0.00,y,,,,y
851,0,N,y,N,N,mybackground1980@gmail.com,euro101,98fddf18854739f5ab11,"Deliveryzonecanada@gmail.com,mattmenuottawa2@gmail.com",3.50,n,,,n,n,,,0.00,n,361,8,,y
852,0,N,n,N,N,,,,,,n,,,n,n,,,0.00,y,,,,y
853,0,Y,n,N,N,,,,,,n,,,n,n,,,0.00,y,,,,y
854,0,N,n,N,N,,,,,,n,,,n,n,,,0.00,y,,,,n
855,0,N,n,N,N,,,,,,n,,,n,n,,,0.00,y,,,,y
856,0,Y,n,N,N,,,,,0.00,n,,,n,n,,,0.00,y,,,,y
857,0,N,n,N,N,,,,stefan@menu.ca,,n,,,n,n,,,0.00,y,,,,n
859,0,N,y,N,N,,,,"menuottawa@geodispatch.ca,mattmenuottawa@gmail.com,marc@deliverydirect.ca",,n,,,n,n,,,0.00,y,,,,n
860,0,N,n,N,N,,,,,,n,,,n,n,,,0.00,y,,,,n
861,0,N,n,N,N,,,,,0.00,n,,,n,n,,,0.00,y,,,,y
862,0,N,n,N,N,,,,,,n,,,n,n,,,0.00,y,,,,n
863,0,Y,n,N,N,,,,,0.00,n,,,n,n,,,0.00,y,,,,y
864,0,N,n,N,N,,,,,,n,,,n,n,,,0.00,y,,,,n
865,0,N,n,N,N,,,,,,n,,,n,n,,,0.00,y,,,,y
866,0,N,n,N,N,,,,,,n,,,n,n,,,0.00,y,,,,n
868,0,N,n,N,N,,,,,,n,,,n,n,,,0.00,y,,,,n
869,0,N,n,N,N,,,,,0.00,n,,,n,n,,,0.00,y,,,,y
870,0,N,n,N,N,,,,,,n,,,n,n,,,0.00,y,,,,n
871,0,N,n,N,N,,,,,,n,,,n,n,,,0.00,y,,,,n
872,0,N,n,N,N,,,,,,n,,,n,n,,,0.00,y,,,,y
873,0,N,n,N,N,,,,,,n,,,n,n,,,0.00,y,,,,n
874,0,N,n,N,N,,,,,,n,,,n,n,,,0.00,y,,,,y
875,0,N,n,N,N,,,,,,n,,,n,n,,,0.00,y,,,,y
876,0,N,n,N,N,,,,,0.00,n,,,n,n,,,0.00,y,,,,n
877,0,Y,n,N,N,,,,,,n,,,n,n,,,0.00,y,,,,y
878,0,N,n,N,N,,,,,0.00,n,,,n,n,,,0.00,y,,,,y
879,0,N,n,N,N,,,,,0.00,n,,,n,n,,,0.00,y,,,,y
880,0,N,n,N,N,,,,"Deliveryzonecanada@gmail.com,mattmenuottawa2@gmail.com",,n,,,n,n,,,0.00,y,,,,n
882,0,Y,y,N,N,shawarma464,shawarma464,,"mrmarcflamini@gmail.com,mattmenuottawa2@gmail.com",,n,,,n,n,,,0.00,y,,,,n
883,0,N,n,N,N,,,,,,n,,,n,n,,,0.00,y,,,,n
884,0,N,n,N,N,,,,,,n,,,n,n,,,0.00,y,,,,n
885,0,N,y,N,N,,,,"Deliveryzonecanada@gmail.com,mattmenuottawa2@gmail.com",0.00,n,,,n,n,,,0.00,y,,,,n
886,0,N,y,N,N,sulawok184,sulawok184,,"marc@deliverydirect.ca,mattmenuottawa2@gmail.com",,n,,,n,n,,,0.00,y,,,,n
887,0,N,n,N,N,,,,,0.00,n,,,n,n,,,0.00,y,,,,n
888,0,N,y,N,N,,,,"deliveryzonecanada@gmail.com,mattmenuottawa2@gmail.com",0.00,n,,,n,n,,,0.00,y,,,,n
889,0,Y,n,N,N,,,,,0.00,n,,,n,n,,,0.00,y,,,,y
891,0,N,n,N,N,,,,,,n,,,n,n,,,0.00,y,,,,n
892,0,N,y,N,N,,,,"deliveryzonecanada@gmail.com,mattmenuottawa2@gmail.com",0.00,n,,,n,n,,,0.00,n,230,8,,y
893,0,N,n,N,N,,,,,,n,,,n,n,,,0.00,y,,,,n
894,0,N,n,N,N,,,,,0.00,n,,,n,n,,,0.00,y,,,,y
895,0,N,n,N,N,,,,,0.00,n,,,n,n,,,0.00,y,,,,n
896,0,N,y,N,N,,,,"toyourhomedeliveries@outlook.com,mattmenuottawa2@gmail.com",0.00,n,,,n,n,,,0.00,y,,,,n
897,0,N,n,N,N,,,,"Deliveryzonecanada@gmail.com,mattmenuottawa2@gmail.com",0.00,n,,,n,n,,,0.00,y,,,,n
898,0,Y,n,N,N,,,,,0.00,n,,,n,n,,,0.00,y,,,,n
899,0,N,n,N,N,,,,,,n,,,n,n,,,0.00,y,,,,n
900,0,N,y,N,N,,,,"toyourhomedeliveries@outlook.com,mattmenuottawa2@gmail.com",0.00,n,,,n,n,,,0.00,y,,,,n
901,0,N,n,N,N,,,,,0.00,n,,,n,n,,,0.00,y,,,,n
902,0,N,n,N,N,,,,,0.00,n,,,n,n,,,0.00,y,,,,y
904,0,Y,n,N,N,,,,,0.00,n,,,n,n,,,0.00,y,,,,n
905,0,N,n,N,N,,,,,0.00,n,,,n,n,,,0.00,y,,,,n
906,0,N,n,N,N,,,,"Deliveryzonecanada@gmail.com,mattmenuottawa2@gmail.com",0.00,n,,,n,n,,,0.00,y,,,,n
907,0,N,n,N,N,,,,,0.00,n,,,n,n,,,0.00,y,,,,n
910,0,Y,n,N,N,,,,,0.00,y,onlinealcohol,beerman@beerman.com,y,n,,,0.00,y,,,,n
911,0,Y,y,N,N,,,,"Deliveryzonecanada@gmail.com,mattmenuottawa2@gmail.com",0.00,n,,,n,n,,,0.00,y,,,,n
912,0,N,n,N,N,,,,,0.00,n,,,n,n,,,0.00,y,,,,y
913,0,Y,n,N,N,,,,,,n,,,n,n,,,0.00,y,,,,y
914,0,Y,n,N,N,,,,,,n,,,n,n,,,0.00,y,,,,y
915,0,N,n,N,N,,,,"toyourhomedeliveries@outlook.com,mattmenuottawa2@gmail.com",,n,,,n,n,,,0.00,y,,,,n
916,0,N,n,N,N,,,,,,n,,,n,n,,,0.00,y,,,,n
917,0,N,n,N,N,,,,,,n,,,n,n,,,0.00,y,,,,n
918,0,N,n,N,N,,,,,,n,,,n,n,,,0.00,y,,,,n
919,0,N,y,N,N,,,,"Deliveryzonecanada@gmail.com,mattmenuottawa2@gmail.com",,n,onlinefoodbilling,,n,n,,,0.00,n,244,8,,y
920,0,N,n,N,N,,,,,,n,,,n,n,,,0.00,y,,,,y
921,0,Y,n,N,N,,,,,,n,,,n,n,,,0.00,y,,,,y
922,0,N,y,N,N,,,,"Deliveryzonecanada@gmail.com,mattmenuottawa2@gmail.com",,n,,,n,n,,,0.00,n,266,8,,n
923,0,N,n,N,N,,,,,,n,,,n,n,,,0.00,y,,,,y
924,0,N,n,N,N,,,,,,n,,,n,n,,,0.00,y,,,,n
925,0,Y,n,N,N,,,,,,n,,,n,n,,,0.00,y,,,,y
926,0,N,n,N,N,,,,,,n,,,n,n,,,0.00,y,,,,n
928,0,N,y,N,N,,,,"Deliveryzonecanada@gmail.com,mattmenuottawa2@gmail.com",,n,,,n,n,,,0.00,n,245,8,,y
929,0,N,y,N,N,,,,"Deliveryzonecanada@gmail.com,mattmenuottawa2@gmail.com",,n,,,n,n,,,0.00,n,128,8,,n
930,0,N,n,N,N,,,,,,n,,,n,n,,,0.00,y,,,,y
931,0,N,y,N,N,,,,"Deliveryzonecanada@gmail.com,mattmenuottawa2@gmail.com",,n,,,n,n,,,0.00,n,1,8,,y
934,0,Y,n,N,N,,,,,0.00,n,,,n,n,,,0.00,y,,,,y
935,0,Y,n,N,N,,,,,0.00,n,,,n,n,,,0.00,y,,,,y
936,0,N,n,N,N,,,,,,n,,,n,n,,,0.00,y,,,,n
937,0,Y,n,N,N,,,,,,n,,,n,n,,,0.00,y,,,,y
938,0,N,n,N,N,,,,,,n,,,n,n,,,0.00,n,254,8,,n
939,0,N,n,N,N,,,,,,n,,,n,n,,,0.00,y,,,,n
940,0,N,n,N,N,,,,,,n,,,n,n,,,0.00,y,,,,n
941,0,N,n,N,N,,,,,,n,,,n,n,,,0.00,y,,,,n
942,0,N,n,N,N,,,,,,n,,,n,n,,,0.00,y,,,,y
943,0,N,n,N,N,,,,,0.00,n,,,n,n,,,0.00,y,0,0,,n
944,0,N,n,N,N,,,,,,n,,,n,n,,,0.00,y,,,,n
945,0,N,n,N,N,,,,,,n,,,n,n,,,0.00,n,270,8,,n
946,0,N,n,N,N,,,,,,n,,,n,n,,,0.00,n,271,8,,n
947,0,N,n,N,N,,,,,,n,,,n,n,,,0.00,y,,,,y
948,0,N,n,N,N,,,,,,n,,,n,n,,,0.00,y,,,,y
949,0,N,n,N,N,,,,,,n,,,n,n,,,0.00,y,,,,y
951,0,N,n,N,N,,,,,,n,,,n,n,,,0.00,y,,,,y
952,0,N,n,N,N,,,,,0.00,n,,,n,n,,,0.00,y,0,0,0000-00-00 00:00:00,y
953,0,Y,n,N,N,,,,,,n,,,n,n,,,0.00,y,,,,y
954,0,N,n,N,N,,,,,,n,,,n,n,,,0.00,y,,,,n
955,0,N,n,N,N,,,,,,n,,,n,n,,,0.00,y,,,,n
956,0,N,y,N,N,,,,"Deliveryzonecanada@gmail.com,mattmenuottawa2@gmail.com",0.00,n,,,n,n,,,0.00,n,145,8,0000-00-00 00:00:00,y
957,0,N,n,N,N,,,,,,n,,,n,n,,,0.00,n,0,8,,y
959,0,N,n,N,N,,,,,,n,,,n,n,,,0.00,y,,,,y
960,0,N,n,N,N,,,,,,n,,,n,n,,,0.00,y,,,,n
961,0,N,n,N,N,,,,,,n,,,n,n,,,0.00,y,,,,n
962,0,N,n,N,N,,,,,,n,,,n,n,,,0.00,y,,,,y
963,0,N,n,N,N,,,,,,n,,,n,n,,,0.00,y,,,,n
964,0,Y,n,N,N,,,,,,n,,,n,n,,,0.00,y,,,,y
965,0,N,n,N,N,,,,,,n,,,n,n,,,0.00,y,,,,y
966,0,N,n,N,N,,,,,0.00,n,,,n,n,,,0.00,n,0,8,0000-00-00 00:00:00,n
967,0,N,n,N,N,,,,,,n,,,n,n,,,0.00,n,296,8,,y
968,0,Y,n,N,N,,,,,,n,,,n,n,,,0.00,y,,,,y
969,0,N,n,N,N,,,,,,n,,,n,n,,,0.00,n,298,8,,y
970,0,N,n,N,N,,,,,,n,,,n,n,,,0.00,n,425,10,,y
971,0,N,n,N,N,,,,,,n,,,n,n,,,0.00,y,,,,n
972,0,Y,n,N,N,,,,,0.00,n,onlinealcohol,beerman@beerman.com,y,n,,,0.00,y,0,0,0000-00-00 00:00:00,n
973,0,Y,n,N,N,,,,,,n,,,n,n,,,0.00,y,,,,y
974,0,N,n,N,N,,,,,,n,,,n,n,,,0.00,y,,,,y
975,0,Y,n,N,N,,,,,,n,,,n,n,,,0.00,y,,,,y
976,0,N,n,N,N,,,,,,n,,,n,n,,,0.00,y,,,,n
977,0,N,n,N,N,,,,,,n,,,n,n,,,0.00,y,,,,n
978,0,Y,n,N,N,,,,,,n,,,n,n,,,0.00,y,,,,y
979,0,N,n,N,N,,,,,,n,,,n,n,,,0.00,y,,,,n
980,0,N,n,N,N,,,,,,n,,,n,n,,,0.00,n,448,8,,y
981,0,Y,n,N,N,,,,,0.00,n,,,n,n,,,0.00,y,0,0,0000-00-00 00:00:00,y
982,0,N,n,N,N,,,,,,n,,,n,n,,,0.00,y,,,,n
983,0,N,n,N,N,,,,,,n,,,n,n,,,0.00,y,,,,y
984,0,N,n,N,N,,,,,,n,,,n,n,,,0.00,y,,,,n
985,0,N,n,N,N,,,,,,n,,,n,n,,,0.00,y,,,,y
986,0,N,n,N,N,,,,,,n,,,n,n,,,0.00,y,,,,n
987,0,N,n,N,N,,,,,0.00,n,,,n,n,,,0.00,y,0,0,0000-00-00 00:00:00,y
988,0,Y,n,N,N,,,,,,n,,,n,n,,,0.00,y,,,,y
989,0,N,n,N,N,,,,,0.00,n,,,n,n,,,0.00,y,0,0,0000-00-00 00:00:00,y
991,0,Y,n,N,N,,,,,0.00,n,,,n,n,,,0.00,y,0,0,0000-00-00 00:00:00,y
995,0,N,n,N,N,,,,,,n,,,n,n,,,0.00,n,350,8,,n
996,0,N,n,N,N,,,,,,n,,,n,n,,,0.00,n,365,8,,y
997,0,N,n,N,N,,,,,0.00,n,,,n,n,,,0.00,y,0,0,0000-00-00 00:00:00,y
998,0,N,n,N,N,,,,,,n,,,n,n,,,0.00,y,,,,y
999,0,N,n,N,N,,,,,,n,,,n,n,,,0.00,y,,,,y
1000,0,N,y,N,N,,,,"Deliveryzonecanada@gmail.com,mattmenuottawa2@gmail.com",0.00,n,onlinefoodbilling,,n,n,,,0.00,n,368,8,0000-00-00 00:00:00,n
1001,0,N,n,N,N,,,,,,n,,,n,n,,,0.00,y,,,,n
1002,0,N,n,N,N,,,,,0.00,n,,,n,n,,,0.00,n,366,8,0000-00-00 00:00:00,n
1003,0,N,y,N,N,,,,"Deliveryzonecanada@gmail.com,mattmenuottawa2@gmail.com",0.00,n,onlinefoodbilling,,n,n,,,0.00,n,368,8,0000-00-00 00:00:00,n
1004,0,N,n,N,N,,,,,0.00,n,,,n,n,,,0.00,y,0,0,0000-00-00 00:00:00,n
1005,0,N,n,N,N,,,,,0.00,n,,,n,n,,,0.00,y,0,0,0000-00-00 00:00:00,n
1006,0,N,n,N,N,,,,,,n,,,n,n,,,0.00,y,,,,n
1007,0,N,n,N,N,,,,,,n,,,n,n,,,0.00,y,,,,y
1008,0,N,n,N,N,,,,,,n,,,n,n,,,0.00,n,388,8,,n
1009,0,N,n,N,N,,,,,,n,,,n,n,,,0.00,n,391,8,,y
1010,0,N,n,N,N,,,,,,n,,,n,n,,,0.00,n,392,8,,y
1011,0,N,n,N,N,,,,,,n,,,n,n,,,0.00,y,,,,y
1012,0,N,n,N,N,,,,,,n,,,n,n,,,0.00,y,,,,n
1013,0,N,n,N,N,,,,,,n,,,n,n,,,0.00,y,,,,y
1014,0,N,n,N,N,,,,,,n,,,n,n,,,0.00,y,,,,n
1015,0,N,n,N,N,,,,,,n,,,n,n,,,0.00,y,,,,y
1016,0,Y,n,N,N,,,,,0.00,n,,,n,n,,,0.00,y,0,0,0000-00-00 00:00:00,n
1017,0,N,n,N,N,,,,,,n,,,n,n,,,0.00,y,,,,n
1018,0,N,n,N,N,,,,,,n,,,n,n,,,0.00,y,,,,y
1019,0,N,n,N,N,,,,,,n,,,n,n,,,0.00,y,,,,y
1020,0,N,n,N,N,,,,,,n,,,n,n,,,0.00,y,,,,y
1021,0,N,n,N,N,,,,,,n,,,n,n,,,0.00,y,,,,n
1022,0,N,n,N,N,,,,,,n,,,n,n,,,0.00,y,,,,n
1023,0,N,n,N,N,,,,,,n,,,n,n,,,0.00,y,,,,y
1024,0,N,n,N,N,,,,,0.00,n,,,n,n,,,0.00,y,0,0,0000-00-00 00:00:00,y
1025,0,N,n,N,N,,,,,0.00,n,,,n,n,,,0.00,y,0,0,0000-00-00 00:00:00,y
1027,0,N,n,N,N,,,,,0.00,n,,,n,n,,,0.00,y,0,0,0000-00-00 00:00:00,y
1028,0,N,n,N,N,,,,,0.00,n,,,n,n,,,0.00,y,0,0,0000-00-00 00:00:00,y
1029,0,N,n,N,N,,,,,,n,,,n,n,,,0.00,y,,,,y
1030,0,N,n,N,N,,,,,,n,,,n,n,,,0.00,y,,,,y
1031,0,N,n,N,N,,,,,,n,,,n,n,,,0.00,y,,,,y
1032,0,N,n,N,N,,,,,,n,,,n,n,,,0.00,y,,,,y
1033,0,N,n,N,N,,,,,,n,,,n,n,,,0.00,y,,,,y
1034,0,N,n,N,N,,,,,,n,,,n,n,,,0.00,y,,,,y
1035,0,N,n,N,N,,,,,,n,,,n,n,,,0.00,y,,,,y
1037,0,N,n,N,N,,,,,,n,,,n,n,,,0.00,y,,,,y
1038,0,N,n,N,N,,,,,0.00,n,,,n,n,,,0.00,n,0,8,0000-00-00 00:00:00,y
1039,0,N,n,N,N,,,,,0.00,n,,,n,n,,,0.00,y,0,0,0000-00-00 00:00:00,y
1040,0,N,n,N,N,,,,,,n,,,n,n,,,0.00,y,,,,y
1041,0,N,n,N,N,,,,,,n,,,n,n,,,0.00,y,,,,y
1042,0,Y,n,N,N,,,,,,n,,,n,n,,,0.00,y,,,,y
1043,0,N,n,N,N,,,,,,n,,,n,n,,,0.00,y,,,,n
1044,0,Y,n,N,N,,,,,,n,,,n,n,,,0.00,y,,,,y
1045,0,Y,n,N,N,,,,,0.00,n,,,n,n,,,0.00,y,0,0,0000-00-00 00:00:00,n
1046,0,Y,n,N,N,,,,,0.00,n,,,n,n,,,0.00,y,0,0,0000-00-00 00:00:00,y
1047,0,N,n,N,N,,,,,,n,,,n,n,,,0.00,y,,,,y
1048,0,N,n,N,N,,,,,,n,,,n,n,,,0.00,y,,,,y
1049,0,N,n,N,N,,,,,,n,,,n,n,,,0.00,y,,,,y
1050,0,N,n,N,N,,,,,0.00,n,,,n,n,,,0.00,y,0,0,0000-00-00 00:00:00,y
1051,0,N,n,N,N,,,,,,n,,,n,n,,,0.00,n,335,10,,y
1052,0,N,n,N,N,,,,,,n,,,n,n,,,0.00,y,,,,y
1053,0,N,n,N,N,,,,,,n,,,n,n,,,0.00,y,,,,y
1054,0,N,n,N,N,,,,,,n,,,n,n,,,0.00,y,,,,y
1055,0,N,n,N,N,,,,,0.00,n,,,n,n,,,0.00,y,0,0,0000-00-00 00:00:00,y
1056,0,N,n,N,N,,,,,0.00,n,,,n,n,,,0.00,y,0,0,0000-00-00 00:00:00,y
1057,0,N,n,N,N,,,,,0.00,n,,,n,n,,,0.00,y,0,0,0000-00-00 00:00:00,y
1058,0,Y,n,N,N,,,,,0.00,n,onlinealcohol,beerman@beerman.com,y,n,,,0.00,y,0,0,0000-00-00 00:00:00,y
1059,0,N,n,N,N,,,,,,n,,,n,n,,,0.00,y,,,,y
1060,0,Y,n,N,N,,,,,,n,,,n,n,,,0.00,y,,,,n
1061,0,N,n,N,N,,,,,,n,,,n,n,,,0.00,y,,,,n
1062,0,Y,n,N,N,,,,,,n,,,n,n,,,0.00,y,,,,y
1063,0,Y,n,N,N,,,,,,n,,,n,n,,,0.00,y,,,,y
1064,0,N,n,N,N,,,,,,n,,,n,n,,,0.00,y,,,,n
1065,0,N,n,N,N,,,,,,n,,,n,n,,,0.00,y,,,,n
1066,0,N,n,N,N,,,,,0.00,n,,,n,n,,,0.00,y,0,0,0000-00-00 00:00:00,y
1067,0,N,n,N,N,,,,,,n,,,n,n,,,0.00,y,,,,n
1069,0,N,n,N,N,,,,,,n,,,n,n,,,0.00,y,,,,y
1070,0,N,n,N,N,,,,,,n,,,n,n,,,0.00,y,,,,n
1071,0,N,n,N,N,,,,,,n,,,n,n,,,0.00,y,,,,y
1072,0,N,n,N,N,,,,,,n,,,n,n,,,0.00,y,,,,y
1073,0,N,n,N,N,,,,,,n,,,n,n,,,0.00,y,,,,y
1074,0,N,n,N,N,,,,,,n,,,n,n,,,0.00,y,,,,n
1076,0,N,n,N,N,,,,,,n,,,n,n,,,0.00,y,,,,n
1078,0,N,n,N,N,,,,,,n,,,n,n,,,0.00,y,,,,n
1079,0,N,n,N,N,,,,,,n,,,n,n,,,0.00,y,,,,n
1080,0,Y,n,N,N,,,,,0.00,n,,,n,n,,,0.00,y,0,0,0000-00-00 00:00:00,y
1081,0,Y,n,N,N,,,,,0.00,n,,,n,n,,,0.00,y,0,0,0000-00-00 00:00:00,y
1082,0,N,n,N,N,,,,,,n,,,n,n,,,0.00,y,,,,y
1083,0,N,n,N,N,,,,,,n,,,n,n,,,0.00,y,,,,y
1084,0,N,n,N,N,,,,,,n,,,n,n,,,0.00,y,,,,y
1085,0,N,n,N,N,,,,,,n,,,n,n,,,0.00,n,454,9,,y
1086,0,N,n,N,N,,,,,,n,,,n,n,,,0.00,y,,,,n
1087,0,N,n,N,N,,,,,,n,,,n,n,,,0.00,y,,,,n
1088,0,N,n,N,N,,,,,0.00,n,,,n,n,,,0.00,y,0,0,0000-00-00 00:00:00,y
1089,0,N,n,N,N,,,,,,n,,,n,n,,,0.00,y,,,,y
1090,0,N,n,N,N,,,,,,n,,,n,n,,,0.00,n,456,8,,y
1091,0,N,n,N,N,,,,,,n,,,n,n,,,0.00,y,,,,n
1092,0,Y,n,N,N,,,,,,n,,,n,n,,,0.00,y,,,,n
1093,0,N,n,N,N,,,,,,n,,,n,n,,,0.00,y,,,,n
1094,0,N,n,N,N,,,,,,n,,,n,n,,,0.00,n,457,10,,y
