"id";"v1_id";"address";"zip";"city_id";"province_id";"phone";"email";"lat";"lng";"active";"updated_at"
"1";"0";"3137 Laguna Street";"A1A 2A3";"9";"3";"(555) 666-0605";"testing@example.com";"999.9999999";"1.0";"y";""
"1025";"72";"1615 Orleans Blvd. ";"";"10";"3";"";"";"45.4609985";"-75.5239029";"n";""
"1026";"73";"600 Terry Fox Drive";"K2L 4B6";"9";"3";"(123) 456-7890";"stefan@menu.ca";"45.2997054";"-75.9048498";"n";""
"1027";"79";"691 Somerset St W";"";"9";"3";"";"";"45.4110985";"-75.7069016";"n";""
"1028";"81";"569 Gladstone";"";"9";"3";"";"";"45.4094009";"-75.7003021";"n";""
"1029";"82";"1615 Orleans Blvd.";"";"10";"3";"";"";"45.4609985";"-75.5239029";"n";""
"1030";"87";"500 Hazeldean Rd";"";"4";"3";"";"";"45.2938995";"-75.8946991";"n";""
"1031";"0";"110 Bearbrook Road";"K1B 5R2";"22";"3";"(072) 045-6789";"";"45.4319";"-75.5654984";"n";""
"1032";"90";"1615 Orleans Blvd.";"K1C 7E2";"9";"3";"(613) 830-1808";"noemail@noemail.com";"45.4609985";"-75.5239029";"n";""
"1033";"91";"875 Richmond Rd";"";"9";"3";"";"";"45.3792992";"-75.7733994";"n";""
"1034";"92";"223 Laurier Avenue East";"";"9";"3";"";"";"45.4259987";"-75.6817017";"n";""
"1035";"93";"3885 Innes Road";"";"10";"3";"";"";"45.4530983";"-75.5112";"n";""
"1036";"94";"375 Des Epinettes Ave";"";"10";"3";"";"";"45.4656982";"-75.4953995";"n";""
"1037";"95";"527 Bronson Ave";"";"9";"3";"";"";"45.4059982";"-75.7025986";"n";""
"1038";"96";"5517 Hazeldean Rd";"";"15";"3";"";"";"45.2863998";"-75.9068985";"n";""
"1039";"101";"350 Booth St";"K1R 7K1";"9";"3";"(613) 567-8228";"noemail@noemail.ca";"45.4073982";"-75.7098007";"n";""
"1040";"109";"5669 Bank St";"";"9";"3";"";"";"45.2771988";"-75.5682983";"n";""
"1041";"0";"1574 Walkley Rd";"";"9";"3";"";"";"45.3768997";"-75.6471024";"n";""
"1042";"111";"127 Bridge St";"";"14";"3";"";"";"45.2230988";"-76.1949005";"n";""
"1043";"0";"1143 Baxter Rd";"";"9";"3";"";"";"45.350399";"-75.7819977";"n";""
"1044";"113";"523 Gladstone Ave";"";"9";"3";"";"";"45.410099";"-75.6987991";"n";""
"1045";"0";"277  Bank St. Ottawa";"";"9";"3";"";"";"45.350399";"-75.7819977";"n";""
"1046";"117";"984 Merivale Rd";"";"9";"3";"";"";"45.3810005";"-75.7332001";"n";""
"1047";"118";"373 Dalhousie St";"";"9";"3";"";"";"45.4276009";"-75.6899033";"n";""
"1048";"120";"1009 Merivale Rd";"";"9";"3";"";"";"45.3793983";"-75.7331009";"n";""
"1049";"121";"1374 Baseline Rd";"";"9";"3";"";"";"45.3624992";"-75.7369995";"n";""
"1050";"122";"4000 Bridle Path Dr";"";"9";"3";"";"";"45.3487015";"-75.645401";"n";""
"1051";"123";"530 Rideau St";"";"9";"3";"";"";"45.4320984";"-75.677803";"n";""
"1052";"124";"251 Montreal Rd";"";"9";"3";"";"";"45.4362984";"-75.6613007";"n";""
"1053";"125";"411 McArthur Ave";"";"9";"3";"";"";"45.4322014";"-75.6483002";"n";""
"1054";"126";"159 Montreal Rd";"";"18";"3";"";"";"45.4347992";"-75.6651001";"n";""
"1055";"127";"876 Montreal Rd.";"";"9";"3";"";"";"45.4462013";"-75.6308975";"n";""
"1056";"128";"353 St Laurent Blvd";"";"9";"3";"";"";"45.4491005";"-75.6511993";"n";""
"1057";"130";"5929 Jeanne D'Arc Blvd S";"";"9";"3";"";"";"45.464901";"-75.5409012";"n";""
"1058";"131";"175, boul Maloney E";"";"21";"4";"";"";"45.4840012";"-75.649498";"n";""
"1059";"132";"425, boul La V�rendrye E";"";"21";"4";"";"";"45.5009003";"-75.6425018";"n";""
"1060";"133";"3009 Carling Ave";"";"9";"3";"";"";"45.3552017";"-75.8052979";"n";""
"1061";"134";"6505 Jeanne D'Arc Blvd. N.";"";"10";"3";"";"";"45.4793015";"-75.5361023";"n";""
"1062";"135";"125 Preston Street ";"";"9";"3";"";"";"45.4081001";"-75.7138977";"n";""
"1063";"136";"1055 Somerset St W";"";"9";"3";"";"";"45.4067993";"-75.719902";"n";""
"1064";"137";"662 Somerset St W";"K1R 5K4";"9";"3";"(613) 216-1220";"no@no.ca";"45.411499";"-75.7054977";"n";""
"1065";"138";"210 Somerset St W";"";"9";"3";"";"";"45.4171982";"-75.6913986";"n";""
"1066";"140";"937 Carling Ave";"K1Y 4E4";"9";"3";"(613) 728-3749";"noemail@noemail.com";"45.3953018";"-75.7132034";"n";""
"1067";"0";"3570 Strandherd Dr";"";"9";"3";"";"";"45.2747993";"-75.7368011";"n";""
"1068";"142";"2045 Meadowbrook Rd";"";"9";"3";"";"";"45.4269981";"-75.6009979";"n";""
"1069";"143";"1443 Ogilvie Rd";"";"9";"3";"";"";"45.4317017";"-75.6183014";"n";""
"1070";"144";"2006 Robertson Rd";"";"17";"3";"";"";"45.3246002";"-75.8271027";"n";""
"1071";"145";"1433 Woodroffe Ave";"";"17";"3";"";"";"45.3418999";"-75.7559967";"n";""
"1072";"146";"1610 Merivale Rd";"";"17";"3";"";"";"45.3483009";"-75.7322998";"n";""
"1073";"0";"2795 St. Joseph Blvd";"";"10";"3";"";"";"45.4734001";"-75.5205994";"n";""
"1074";"151";"3059 Carling Ave";"K2L 4B6";"9";"3";"(072) 045-6789";"";"45.3544006";"-75.8071976";"n";""
"1075";"153";"425 Donald St";"";"9";"3";"";"";"45.4285011";"-75.6493988";"n";""
"1076";"154";"2 Woodfield Dr";"";"17";"3";"";"";"45.3380013";"-75.7260971";"n";""
"1077";"155";"1224 Shillington Ave";"";"9";"3";"";"";"45.3805008";"-75.728302";"n";""
"1078";"157";"1574 Walkley Rd";"";"9";"3";"";"";"45.3768997";"-75.6471024";"n";""
"1079";"161";"1078 Merivale Rd";"";"9";"3";"";"";"45.3773003";"-75.7332993";"n";""
"1080";"162";"747 Richmond Rd";"";"9";"3";"";"";"45.3828011";"-75.7698975";"n";""
"1081";"164";"3848 Innes Rd";"";"10";"3";"";"";"45.4514008";"-75.5152969";"n";""
"1082";"171";"25 Tapiola Cres";"";"9";"3";"";"";"45.3637009";"-75.6471024";"n";""
"1083";"172";"385 Tompkins Ave";"";"10";"3";"";"";"45.4771996";"-75.4981995";"n";""
"1084";"173";"245, rue de Cannes";"";"21";"4";"";"";"45.4902992";"-75.7238998";"n";""
"1085";"174";"68 Wylie Ave";"";"9";"3";"";"";"45.354599";"-75.8066025";"n";""
"1086";"175";"201 Marier Ave";"";"18";"3";"";"";"45.4392014";"-75.6632996";"n";""
"1087";"177";"169 York St";"";"9";"3";"";"";"45.4299011";"-75.6891022";"n";""
"1088";"178";"2908 St. Joseph Blvd";"";"10";"3";"";"";"45.4746017";"-75.5179977";"n";""
"1089";"179";"988 Wellington St";"K1Y 2X8";"9";"3";"(613) 722-5995";"n@n.ca";"45.4056015";"-75.722702";"n";""
"1090";"180";"250 Centrum Blvd";"";"10";"3";"";"";"45.4804001";"-75.510498";"n";""
"1091";"0";"2 Woodfield Dr";"";"9";"3";"";"";"45.3375015";"-75.7263031";"n";""
"1092";"182";"117 Rue Front";"";"19";"4";"";"";"45.4043007";"-75.8546982";"n";""
"1093";"183";"134, rue Principale";"";"23";"4";"";"";"45.3950005";"-75.8430023";"n";""
"1094";"184";"574, boul Saint-Joseph";"";"21";"4";"";"";"45.4499016";"-75.7359009";"n";""
"1095";"186";"1730 Montreal Rd";"";"22";"3";"";"";"51.8642006";"-2.2381599";"n";""
"1096";"187";"1423 Woodroffe Ave";"K2G 1V9";"17";"3";"(613) 228-2228";"noemail@noemail.com";"45.3432007";"-75.7570038";"n";""
"1097";"188";"342 Richmond Rd";"";"9";"3";"";"";"45.3919983";"-75.754097";"n";""
"1098";"189";"102B McEwen Ave";"";"9";"3";"";"";"45.3711014";"-75.7819977";"n";""
"1099";"190";"2430 Bank St";"";"9";"3";"";"";"45.3540001";"-75.6489029";"n";""
"1100";"191";"2750-B Iris St";"";"9";"3";"";"";"45.3479004";"-75.7872009";"n";""
"1101";"192";"94 Montreal Rd";"";"18";"3";"";"";"45.4339981";"-75.6668015";"n";""
"1102";"193";"211 Gilmour St";"";"9";"3";"";"";"45.4164009";"-75.6897964";"n";""
"1103";"194";"408, boul La V�rendrye E";"";"21";"4";"";"";"45.5009003";"-75.6416016";"n";""
"1104";"195";"455, boul Riel";"";"21";"4";"";"";"45.4650002";"-75.7731018";"n";""
"1105";"197";"5935 Jeanne D'Arc Blvd S";"";"10";"3";"";"";"45.4659004";"-75.5419006";"n";""
"1106";"198";"726 Somerset St W";"";"9";"3";"";"";"45.4104004";"-75.707901";"n";""
"1107";"0";"826 Somerset St W";"";"9";"3";"";"";"45.4090996";"-75.7116013";"n";""
"1108";"200";"1661 Carling Ave";"";"9";"3";"";"";"45.3797989";"-75.7490005";"n";""
"1109";"201";"149 Kent Street";"";"9";"3";"";"";"45.4188995";"-75.7021027";"n";""
"1110";"202";"2241 St Laurent Blvd";"";"9";"3";"";"";"45.3889008";"-75.6175003";"n";""
"1111";"203";"193 King Edward Ave";"";"9";"3";"";"";"45.4325981";"-75.6889038";"n";""
"1112";"204";"14 Main St E";"";"24";"3";"";"";"44.8997002";"-76.0221024";"n";""
"1113";"205";"777 Principale St";"";"28";"3";"";"";"45.3153992";"-75.0894012";"n";""
"1114";"206";"3796 Champlain Rd";"";"35";"3";"";"";"45.4351006";"-75.1584015";"n";""
"1115";"207";"339 Dalhousie St";"";"9";"3";"";"";"45.4283981";"-75.6905975";"n";""
"1116";"208";"2241 St Laurent Blvd";"";"9";"3";"";"";"45.3903008";"-75.6183014";"n";""
"1117";"209";"990 River Rd";"";"9";"3";"";"";"45.2341003";"-75.6772995";"n";""
"1118";"210";"44 Seneca St";"";"9";"3";"";"";"45.3914986";"-75.6900024";"n";""
"1119";"211";"3050 Woodroffe Ave";"";"17";"3";"";"";"45.2845001";"-75.7238007";"n";""
"1120";"212";"3987 Riverside Dr";"";"9";"3";"";"";"45.3330994";"-75.6923981";"n";""
"1121";"213";"2600 County Rd 43";"";"25";"3";"";"";"45.021801";"-75.6261978";"n";""
"1122";"215";"335 Montreal Rd";"";"26";"3";"";"";"45.0185013";"-74.7109985";"n";""
"1123";"216";"600 terry fox drive";"";"4";"3";"";"";"45.3008995";"-75.9063034";"n";""
"1124";"0";"606 Rideau St";"";"9";"3";"";"";"45.4329987";"-75.6752014";"n";""
"1125";"218";"610 Rideau St";"";"9";"3";"";"";"45.4331017";"-75.6750031";"n";""
"1126";"219";"331 Elgin St";"K2P 1M5";"9";"3";"(613) 233-5000";"no@thai.ca";"45.4159012";"-75.6884995";"n";""
"1127";"221";"408 McArthur Ave";"";"9";"3";"";"";"45.4319992";"-75.6485977";"n";""
"1128";"223";"1128 Cadboro Road";"";"9";"3";"";"";"45.4306984";"-75.6207962";"n";""
"1129";"224";"600 Terry Fox Drive";"K2L 4B6";"9";"3";"(123) 456-7890";"e@e.com";"45.2997054";"-75.9048498";"n";""
"1130";"225";"600 Terry Fox Drive";"K2L 4B6";"9";"4";"(123) 456-7890";"e@e.com";"45.2997054";"-75.9048498";"n";""
"1131";"226";"600 Terry Fox Drive";"K2L 4B6";"9";"4";"(123) 456-7890";"e@e.com";"45.2997054";"-75.9048498";"n";""
"1132";"227";"600 Terry Fox Drive";"K2L 4B6";"9";"4";"(123) 456-7890";"e@e.com";"45.2997054";"-75.9048498";"n";""
"1133";"228";"600 Terry Fox Drive";"K2L 4B6";"9";"4";"(123) 456-7890";"e@e.com";"45.2997054";"-75.9048498";"n";""
"1134";"229";"600 Terry Fox Drive";"K2L 4B6";"9";"3";"(123) 456-7890";"e@e.com";"45.2997054";"-75.9048498";"n";""
"1135";"0";"500 Old St Patrick St";"";"9";"3";"";"";"45.4347992";"-75.6837006";"n";""
"1136";"231";"22, rue des Flandres";"";"21";"4";"";"";"45.4705009";"-75.7186966";"n";""
"1137";"232";"285 Greenbank Rd";"";"9";"3";"";"";"45.3241997";"-75.7774963";"n";""
"1138";"234";"147, boul d'Europe";"";"21";"4";"";"";"45.4421997";"-75.7954025";"n";""
"1139";"235";"1581 Greenbank Rd";"";"9";"3";"";"";"45.2739983";"-75.7470016";"n";""
"1140";"236";"201 rue Eddy";"";"21";"4";"";"";"45.4319992";"-75.7204971";"n";""
"1141";"0";"395 Bank St";"";"9";"3";"";"";"45.4132996";"-75.6945038";"n";""
"1142";"0";"5511 Manotick Main St";"";"9";"3";"";"";"45.2271004";"-75.686203";"n";""
"1143";"239";"2567 Baseline Rd";"K2H 7B3";"9";"3";"(613) 828-7926";"no@no.ca";"45.3414001";"-75.7873001";"n";""
"1144";"0";"1133 St Laurent Blvd";"";"9";"3";"";"";"45.4245987";"-75.6372986";"n";""
"1145";"241";"2219 Arch St";"";"9";"3";"";"";"45.3891983";"-75.6306";"n";""
"1146";"242";"195 Rue Principale";"";"23";"4";"";"";"45.3956985";"-75.8343964";"n";""
"1147";"245";"26 Bridge St";"";"29";"3";"";"";"45.1372986";"-76.1429977";"n";""
"1148";"246";"60 Harmer Ave";"";"9";"3";"";"";"45.396801";"-75.7326965";"n";""
"1149";"247";"1 Rue Hobin Unit 5";"";"9";"3";"";"";"45.2645988";"-75.9288025";"n";""
"1150";"248";"471 Hazeldean Rd";"";"4";"3";"";"";"45.2981987";"-75.8887024";"n";""
"1151";"249";"73, boul de la Gappe";"";"21";"4";"";"";"45.4654999";"-75.7169037";"n";""
"1152";"251";"1580 Dundas St";"";"31";"3";"";"";"43.6136017";"-79.5786972";"n";""
"1153";"0";"1671 Carling Ave";"";"11";"3";"";"";"45.3796997";"-75.7492981";"n";""
"1154";"254";"1896 Prince of Wales Dr";"";"9";"3";"";"";"45.3539009";"-75.7040024";"n";""
"1155";"255";"422 Bronson Ave";"";"9";"3";"";"";"45.408699";"-75.7042007";"n";""
"1156";"256";"1896 Prince of Wales Dr";"";"9";"3";"";"";"45.3539009";"-75.7040024";"n";""
"1157";"257";"3679 Riverside Dr";"";"9";"3";"";"";"45.3434982";"-75.6909027";"n";""
"1158";"258";"250 Centrum Blvd";"";"9";"3";"";"";"45.4803009";"-75.5106964";"n";""
"1159";"259";"1001 Queen Elizabeth Drive";"";"9";"3";"";"";"45.3963013";"-75.7057037";"n";""
"1160";"260";"1440 Rue de l'Eglise";"";"0";"0";"";"";"0.0";"0.0";"n";""
"1161";"262";"4-2437 Finch Ave W";"";"30";"3";"";"";"43.7503014";"-79.5502014";"n";""
"1162";"263";"1009 Merivale Rd";"";"9";"3";"";"";"45.3793983";"-75.7331009";"n";""
"1163";"264";"108, boul Lorrain";"";"21";"4";"";"";"45.4949989";"-75.607399";"n";""
"1164";"265";"650 Woodlawn Rd W";"";"33";"3";"";"";"43.5425987";"-80.3076019";"n";""
"1165";"273";"1598 Cyrville Rd";"K1B 3L8";"22";"3";"(613) 744-2865";"noemail@noemail.ca";"45.4180984";"-75.6106033";"n";""
"1166";"274";"1200 Prince of Wales";"";"9";"3";"";"";"45.3745003";"-75.7086029";"n";""
"1167";"275";"7772 Jeanne d'Arc Blvd";"";"9";"3";"";"";"45.4822998";"-75.5276031";"n";""
"1168";"276";"1441 Ogilvie Rd.";"";"9";"3";"";"";"45.4315987";"-75.618103";"n";""
"1169";"277";"3415 Dixie Rd Unit 4A";"";"31";"3";"";"";"43.6178017";"-79.5951996";"n";""
"1170";"278";"1300 Finch Ave W";"";"30";"3";"";"";"43.7640991";"-79.4897003";"n";""
"1171";"280";"685 Fischer Hallman Rd, Unit G";"N2E 4E9";"34";"3";"(519) 576-9996";"noemail@noemial.ca";"43.4155998";"-80.5108032";"y";""
"1172";"281";"1105 Cobden Rd";"";"9";"3";"";"";"45.3521996";"-75.7779007";"n";""
"1173";"283";"583 College St.";"";"12";"3";"";"";"43.6553001";"-79.4132996";"n";""
"1174";"284";"26 Northside Rd";"";"9";"3";"";"";"45.3286018";"-75.8167038";"n";""
"1175";"285";"2895 Bank St";"";"9";"3";"";"";"45.3485985";"-75.6268997";"n";""
"1176";"286";"1768 St. Clair Ave W";"";"12";"3";"";"";"43.6739998";"-79.4610977";"n";""
"1177";"287";"373 Somerset St W";"";"9";"3";"";"";"45.4152985";"-75.696701";"n";""
"1178";"288";"1581 Bank Street";"";"9";"3";"";"";"45.3792";"-75.6676025";"n";""
"1179";"289";"1611c Bank Street";"";"9";"3";"";"";"45.3782997";"-75.6668015";"n";""
"1180";"290";"1949 Finch Ave W. Unit C";"";"30";"3";"";"";"43.7615013";"-79.4111023";"n";""
"1181";"291";"2446 Bank St";"";"9";"3";"";"";"45.3526001";"-75.6468964";"n";""
"1182";"292";"4055 Carling Ave Unit 3";"";"9";"3";"";"";"45.3381004";"-75.9076996";"n";""
"1183";"293";"2677 Alta Vista Road";"";"9";"3";"";"";"45.3727989";"-75.6641998";"n";""
"1184";"294";"800 Hunt Club Rd";"";"9";"3";"";"";"45.3443985";"-75.6663971";"n";""
"1185";"295";"1755 St Laurent Blvd";"";"9";"3";"";"";"45.4048996";"-75.6264038";"n";""
"1186";"0";"3891 Innes Rd";"";"10";"3";"";"";"45.4343987";"-75.5586014";"n";""
"1187";"297";"87 Boulevard des Laurentides";"";"57";"4";"";"";"45.5625";"-73.683403";"n";""
"1188";"298";"2270 Markham Rd";"";"32";"3";"";"";"43.8110008";"-79.2429962";"n";""
"1189";"299";"141 Cartwright Ave";"";"30";"3";"";"";"43.721199";"-79.4684982";"n";""
"1190";"300";"1380 Notre Dame";"";"36";"4";"";"";"45.4348984";"-73.6753998";"n";""
"1191";"303";"2564 St. Joseph Blvd";"";"10";"3";"";"";"45.4706001";"-75.5257034";"n";""
"1192";"0";"4055 Carling Ave";"";"4";"3";"";"";"45.3381004";"-75.9076996";"n";""
"1193";"305";"591 March Rd";"";"4";"3";"";"";"45.347599";"-75.9233017";"n";""
"1194";"306";"1 Tartan Drive";"";"0";"0";"";"";"0.0";"0.0";"n";""
"1195";"307";"1383 Clyde Ave";"";"9";"3";"";"";"45.3596001";"-75.7384033";"n";""
"1196";"308";"1588 Walkley Rd";"";"9";"3";"";"";"45.3769989";"-75.6470032";"n";""
"1197";"310";"1991-A Finch Ave W";"";"12";"3";"";"";"43.757";"-79.5196991";"n";""
"1198";"311";"1580 Merivale Rd";"";"9";"3";"";"";"45.3512993";"-75.7344971";"n";""
"1199";"312";"1134 Cadboro Rd";"K1J 9K4";"9";"3";"(613) 564-9888";"noemail@noemail.ca";"45.4309998";"-75.6211014";"n";""
"1200";"313";"1589 Bank St";"";"9";"3";"";"";"45.3787994";"-75.6675034";"n";""
"1201";"314";"1060 St Laurent Blvd";"";"9";"3";"";"";"45.426899";"-75.6389008";"n";""
"1202";"315";"5831 Boul. Monk";"";"20";"4";"";"";"45.4599991";"-73.5967026";"n";""
"1203";"0";"178 McArthur Ave";"";"9";"3";"";"";"45.4310989";"-75.6626968";"n";""
"1204";"317";"124 Chestnut St";"";"12";"3";"";"";"43.6551018";"-79.3861008";"n";""
"1205";"318";"6-4055 Carling Ave.";"K2K 2A4";"4";"3";"(613) 963-0625";"no@no.ca";"45.3381004";"-75.9076996";"n";""
"1206";"319";"3549 Av Lacombe";"";"20";"4";"";"";"45.4971008";"-73.6231003";"n";""
"1207";"320";"4886 Boul. Saint Charles";"";"38";"4";"";"";"45.4668007";"-73.8744965";"n";""
"1208";"321";"683 Bronson Ave";"";"9";"3";"";"";"45.4021988";"-75.7003021";"n";""
"1209";"322";"2701 St Joseph Boul";"";"9";"3";"";"";"45.4720001";"-75.5231018";"n";""
"1210";"323";"121 Preston St";"";"9";"3";"";"";"45.4082985";"-75.7142029";"n";""
"1211";"0";"2916 Carling Ave";"";"9";"3";"";"";"45.3567009";"-75.8010025";"n";""
"1212";"325";"491 Somerset St W";"";"9";"3";"";"";"45.4138985";"-75.7003021";"n";""
"1213";"0";"834 Clyde Ave";"";"9";"3";"";"";"45.3778";"-75.7494965";"n";""
"1214";"327";"449 McArthur Ave";"";"9";"3";"";"";"45.4325981";"-75.6444016";"n";""
"1215";"328";"5925 Perth St.";"";"37";"3";"";"";"45.1935997";"-75.8395996";"n";""
"1216";"329";"270, boul Labelle";"";"41";"4";"";"";"45.6273003";"-73.8075027";"n";""
"1217";"330";"208, ave Dorval";"";"39";"4";"";"";"45.4417992";"-73.740303";"n";""
"1218";"331";"";"";"0";"0";"";"";"0.0";"0.0";"n";""
"1219";"332";"1021 Cyrville Rd";"";"9";"3";"";"";"45.4257011";"-75.6380005";"n";""
"1220";"333";"30, rue de Valcourt, unit� 30";"";"21";"4";"";"";"45.4924011";"-75.7074966";"n";""
"1221";"334";"461 Hazeldean Rd";"";"4";"3";"";"";"45.2994995";"-75.8865967";"n";""
"1222";"335";"727 Churchill Ave";"";"9";"3";"";"";"45.3810997";"-75.7470016";"n";""
"1223";"336";"261 Centrepointe Dr";"";"9";"3";"";"";"45.3390999";"-75.7711029";"n";""
"1224";"337";"778 Somerset St W";"";"9";"3";"";"";"45.4099007";"-75.7097015";"n";""
"1225";"339";"1 Rideaucrest Drive";"";"17";"3";"";"";"45.2848015";"-75.7225037";"n";""
"1226";"340";"111 Albert St";"";"9";"3";"";"";"45.4215012";"-75.697197";"n";""
"1227";"341";"2130 Robertson Rd";"";"9";"3";"";"";"45.3213005";"-75.8351974";"n";""
"1228";"342";"4742, ch de la Cote-des-Neiges";"";"20";"4";"";"";"45.4956017";"-73.6107025";"n";""
"1229";"343";"343, boul Greber";"";"21";"4";"";"";"45.4788017";"-75.7009964";"n";""
"1230";"344";"351 Montreal Rd";"";"18";"3";"";"";"45.4380989";"-75.6559982";"n";""
"1231";"345";"11729 Jasper Ave";"";"40";"11";"";"";"53.5407982";"-113.5240021";"n";""
"1232";"346";"257, boul Maloney";"";"21";"4";"";"";"45.4845009";"-75.646698";"n";""
"1233";"347";"5248 ch Queen Mary";"";"20";"4";"";"";"45.5625";"-73.6832962";"n";""
"1234";"348";"232 Rue Jean Talon Ouest";"";"20";"4";"";"";"45.5625";"-73.6832962";"n";""
"1235";"349";"2266, ch de Chambly";"";"44";"4";"";"";"45.5262985";"-73.4741974";"n";""
"1236";"350";"3628, av des �glises ";"";"42";"4";"";"";"46.7181015";"-71.2683029";"n";""
"1237";"351";"11819 40 Ave NW";"";"0";"0";"";"";"53.4762001";"-113.538002";"n";""
"1238";"352";"110 rue Eddy";"";"21";"4";"";"";"45.4285011";"-75.7201004";"n";""
"1239";"353";"123 rue Saint Pas-Vrais";"";"43";"4";"";"";"45.6991997";"-73.8118973";"n";""
"1240";"354";"81 Holland Ave";"";"9";"3";"";"";"45.401001";"-75.7324982";"n";""
"1241";"355";"1315 Richmond Road";"";"9";"3";"";"";"45.368";"-75.7860031";"n";""
"1242";"356";"2182 Marie-Victorin";"";"19";"4";"";"";"46.7779999";"-71.2601013";"n";""
"1243";"357";"106 - 180 Lees Ave";"";"9";"3";"";"";"45.4155006";"-75.6712036";"n";""
"1244";"358";"212 Bank St";"";"9";"3";"";"";"45.417099";"-75.697998";"n";""
"1245";"359";"2133 Jane St";"";"30";"3";"";"";"43.719799";"-79.5083008";"n";""
"1246";"360";"6500 Russell Rd";"";"67";"3";"";"";"45.3692017";"-75.4559021";"n";""
"1247";"361";"202 Bank St";"";"9";"3";"";"";"45.4175987";"-75.6983032";"n";""
"1248";"362";"320 Bank St";"";"9";"3";"";"";"45.4143982";"-75.6957016";"n";""
"1249";"364";"1555 O'Connor Dr";"";"12";"3";"";"";"43.7150993";"-79.3051987";"n";""
"1250";"365";"101 - 340 Queen St ";"";"9";"3";"";"";"45.418499";"-75.7053986";"n";""
"1251";"366";"223 Jameson Ave. ";"";"12";"3";"";"";"43.6403999";"-79.4372025";"n";""
"1252";"367";"3023 Cedarview Rd";"";"17";"3";"";"";"45.2659988";"-75.7714005";"n";""
"1253";"368";"233, boul. St-Anne";"";"19";"4";"";"";"45.850399";"-73.4947968";"n";""
"1254";"369";"689 E65th Avenue ";"";"46";"8";"";"";"49.2120018";"-123.0920029";"n";""
"1255";"370";"244, 70 Shawville Blvd";"";"9";"3";"";"";"45.4215012";"-75.697197";"n";""
"1256";"0";"403 Somerset St W";"";"9";"3";"";"";"45.4150009";"-75.6977005";"n";""
"1257";"372";"176 Rideau St";"";"9";"3";"";"";"45.4272003";"-75.6893997";"n";""
"1258";"373";"319 Rideau St";"";"9";"3";"";"";"45.4292984";"-75.6847992";"n";""
"1259";"374";"1968 Portobello Blvd";"";"10";"3";"";"";"45.4669991";"-75.4667969";"n";""
"1260";"375";"291 Queen Mary St";"";"9";"3";"";"";"45.4252014";"-75.6521988";"n";""
"1261";"376";"370 Dalhousie St";"";"9";"3";"";"";"45.4275017";"-75.6900024";"n";""
"1262";"0";"309 Dalhousie St";"";"9";"3";"";"";"45.4291992";"-75.6913986";"n";""
"1263";"0";"303 St-Patrick St";"";"9";"3";"";"";"45.4317017";"-75.6912994";"n";""
"1264";"379";"1025, boul du Seminaire N";"";"47";"4";"";"";"45.3372993";"-73.2677002";"n";""
"1265";"380";"3005, boul Taschereau";"";"48";"4";"";"";"45.4982986";"-73.4858017";"n";""
"1266";"383";"4 Lorry Greenberg Dr";"";"9";"3";"";"";"45.3698006";"-75.6211014";"n";""
"1267";"384";"912 St Laurent Blvd";"";"9";"3";"";"";"45.4313011";"-75.6414032";"n";""
"1268";"385";"";"";"19";"4";"";"";"52.9398994";"-73.5491028";"n";""
"1269";"386";"109 Clarence St";"";"9";"3";"";"";"45.4295998";"-75.691803";"n";""
"1270";"387";"445 Laurier Ave W";"K1R 0A2";"9";"3";"(613) 695-5588";"noemail@noemail.ca";"45.4169006";"-75.7034988";"n";""
"1271";"389";"2630, rue Dessaulles";"";"50";"4";"";"";"45.6221008";"-72.9564972";"n";""
"1272";"391";"157, rue Saint-Jacques";"";"47";"4";"";"";"45.3060989";"-73.2561035";"n";""
"1273";"0";"1555, boul Provencher";"J4W 1Z3";"52";"4";"(450) 672-6112";"no@no.ca";"45.4733009";"-73.4748001";"n";""
"1274";"394";"3140, ch de Chambly";"";"44";"4";"";"";"45.5368996";"-73.5106964";"n";""
"1275";"395";"2860, rue de lyon";"";"44";"4";"";"";"45.5144005";"-73.4634018";"n";""
"1276";"396";"50 Main Street S";"";"55";"3";"";"";"45.3092003";"-74.6352005";"n";""
"1277";"0";"272 Dalhousie St";"";"9";"3";"";"";"45.4300003";"-75.6921997";"n";""
"1278";"398";"380, Route 132, St-Constant Suite 220";"";"20";"4";"";"";"45.3919983";"-73.5791016";"n";""
"1279";"399";"Grande Allee";"";"53";"4";"";"";"45.4682007";"-73.4332962";"n";""
"1280";"400";"1016 Boulevard Taschereau";"";"54";"4";"";"";"45.4132004";"-73.4921036";"n";""
"1281";"401";"3018 St Joseph Boulevard";"";"10";"3";"";"";"45.476799";"-75.5139008";"n";""
"1282";"402";"868 Eglington Ave W.";"";"12";"3";"";"";"43.7010002";"-79.4262009";"n";""
"1283";"404";"2900 Woodroffe Ave";"";"17";"3";"";"";"45.2924995";"-75.7279968";"n";""
"1284";"405";"62 Main St";"";"9";"3";"";"";"45.4126015";"-75.6800995";"n";""
"1285";"406";"6497, rue Beaubien Est";"H1M 1B1";"4";"4";"(514) 313-6291";"laura_paniagua513@hotmail.com";"45.5872002";"-73.5614014";"y";""
"1286";"407";"170 Lees Ave";"";"9";"3";"";"";"45.4145012";"-75.6715012";"n";""
"1287";"408";"173 Hinchey Ave";"";"9";"3";"";"";"45.4071999";"-75.7306976";"n";""
"1288";"409";"2010 Trim Rd";"";"10";"3";"";"";"45.4705009";"-75.4542999";"n";""
"1289";"410";"49 Raglan S";"";"58";"3";"";"";"45.4747009";"-76.6875992";"n";""
"1290";"411";"2 Pembroke St ( Highway 17 )";"";"59";"3";"";"";"45.6258011";"-76.8768005";"n";""
"1291";"412";"600 Terry Fox Drive";"K2L 4B6";"9";"4";"(123) 456-7890";"example@example.com";"45.2997054";"-75.9048498";"n";""
"1292";"413";"1970 Trim Rd";"";"10";"3";"";"";"45.4715004";"-75.4549026";"n";""
"1293";"414";"8200, boul tashereau";"";"52";"4";"";"";"45.4491997";"-73.4697037";"n";""
"1294";"415";"2550, boul Lapini�re";"J4Z 2M2";"52";"4";"(450) 678-9322";"no@no.ca";"45.4682999";"-73.4625015";"n";""
"1295";"416";"245 Laurier Ave";"";"9";"3";"";"";"45.4194984";"-75.6968994";"n";""
"1296";"417";"7763, boul Newman";"";"60";"4";"";"";"45.4375992";"-73.6242981";"n";""
"1297";"0";"272 boul Sir-Wilfrid-Laurier";"";"61";"4";"";"";"45.5620003";"-73.1904984";"n";""
"1298";"419";"2038, rue Lapierre";"";"60";"4";"";"";"45.4367981";"-73.6149979";"n";""
"1299";"421";"3753, rue Ontario E";"";"20";"4";"";"";"45.5467987";"-73.5439987";"n";""
"1300";"422";"2685, avenue Van Horne";"";"20";"4";"";"";"45.5088005";"-73.6248016";"n";""
"1301";"423";"1040, boulevard des Laurentides";"";"57";"4";"";"";"45.5747986";"-73.697403";"n";""
"1302";"424";"";"";"11";"3";"";"";"45.4215012";"-75.697197";"n";""
"1303";"425";"267 Greenbank Rd";"";"9";"3";"";"";"45.3238983";"-75.7779007";"n";""
"1304";"426";"9-4055 Carling Ave ";"";"4";"3";"";"";"45.3381004";"-75.9076996";"n";""
"1305";"427";"173, rue Saint Hubert";"";"57";"4";"";"";"45.5643005";"-73.6835022";"n";""
"1306";"428";"4319, rue St-Denis";"";"20";"4";"";"";"45.5228004";"-73.5798035";"n";""
"1307";"429";"3751, rue Saint Urbain";"";"20";"4";"";"";"45.5139008";"-73.5762024";"n";""
"1308";"0";"470, boul Harwood";"";"74";"4";"";"";"45.3788986";"-74.0205002";"n";""
"1309";"431";"8200, boulevard Taschereau";"";"52";"4";"";"";"45.4491997";"-73.4697037";"n";""
"1310";"432";"161, rue Ontario Est";"";"20";"4";"";"";"45.5130997";"-73.5662994";"n";""
"1311";"433";"2673, c�te Saint Charles local 204";"";"62";"4";"";"";"45.4362984";"-74.1733017";"n";""
"1312";"434";"48, boul de la Cit�-des-Jeunes";"";"20";"4";"";"";"45.4152985";"-74.0220032";"n";""
"1313";"436";"2157, boul des Laurentides";"";"57";"4";"";"";"45.6105995";"-73.7361984";"n";""
"1314";"438";"30 Byward Market";"";"9";"3";"";"";"45.4277";"-75.6930008";"n";""
"1315";"439";"132 Bank St";"";"9";"3";"";"";"45.4193001";"-75.6996994";"n";""
"1316";"441";"4025 Innes Rd";"K2L 4B6";"4";"3";"(123) 456-7890";"s@example.com";"45.4558983";"-75.5062027";"n";""
"1317";"442";"1574 Walkley Rd";"";"9";"3";"";"";"45.3765984";"-75.6479034";"n";""
"1318";"443";"527 Bronson Ave";"";"9";"3";"";"";"45.4059982";"-75.7025986";"n";""
"1319";"447";"1828 ave du Mont-Royal E";"";"20";"4";"";"";"45.5331993";"-73.5742035";"n";""
"1320";"448";"2895 Bank St";"";"9";"3";"";"";"45.3608017";"-75.6569977";"n";""
"1321";"449";"773 Bank St";"";"9";"3";"";"";"45.4037018";"-75.6886978";"n";""
"1322";"450";"355 Montreal Rd";"";"9";"3";"";"";"45.4387016";"-75.6552963";"n";""
"1323";"451";"1571 Bank St";"";"9";"3";"";"";"45.3796997";"-75.6673965";"n";""
"1324";"452";"2946 Baseline Rd";"";"9";"3";"";"";"45.3356018";"-75.8001022";"n";""
"1325";"453";"1990 Russell Rd";"";"9";"3";"";"";"45.4007988";"-75.6240997";"n";""
"1326";"0";"3915 Champlain Rd";"";"35";"3";"";"";"45.4315987";"-75.1561966";"n";""
"1327";"455";"5195, boul Saint-Laurent";"";"20";"4";"";"";"45.5237999";"-73.5944977";"n";""
"1328";"457";"2143 Danforth Ave";"";"12";"3";"";"";"43.6860008";"-79.3113022";"n";""
"1329";"458";"2549 Yonge St";"";"12";"3";"";"";"43.7132988";"-79.3995972";"n";""
"1330";"0";"937 Danforth Ave";"";"12";"3";"";"";"43.6800995";"-79.3379974";"n";""
"1331";"460";"408 Dalhousie Street";"";"9";"3";"";"";"45.4264984";"-75.6893997";"n";""
"1332";"0";"2006 Robertson Rd";"";"9";"3";"";"";"45.3238983";"-75.8271027";"n";""
"1333";"462";"4216, boul Saint-Laurent";"";"20";"4";"";"";"45.5180016";"-73.5817032";"n";""
"1334";"463";"4403, boul St-Laurent";"";"20";"4";"";"";"45.5195999";"-73.5848999";"n";""
"1335";"464";"2754 Danforth Street";"";"12";"3";"";"";"43.6531982";"-79.3832016";"n";""
"1336";"466";"1176 Danforth Ave";"K2L 4B6";"12";"3";"(072) 045-6789";"";"43.6814003";"-79.3328018";"n";""
"1337";"468";"1078 Danforth Ave";"";"12";"3";"";"";"43.6531982";"-79.3832016";"n";""
"1338";"469";"385 Yonge St";"";"12";"3";"";"";"43.6589012";"-79.381897";"n";""
"1339";"470";"872 Bloor St W";"";"12";"3";"";"";"43.6622009";"-79.4250031";"n";""
"1340";"471";"460 Bronson Ave";"";"9";"3";"";"";"45.4080009";"-75.7039032";"n";""
"1341";"0";"64 B Queen St E";"";"12";"3";"";"";"43.6531982";"-79.3755035";"n";""
"1342";"473";"6-461 Park Rd S";"";"63";"3";"";"";"43.8834991";"-78.8676987";"n";""
"1343";"0";"2789 Danforth Ave";"";"12";"3";"";"";"43.6893005";"-79.2963028";"n";""
"1344";"475";"7163, rue Saint-Hubert";"";"20";"4";"";"";"45.5407982";"-73.6134033";"n";""
"1345";"476";"429A Yonge St";"";"30";"3";"";"";"43.6604996";"-79.3826981";"n";""
"1346";"477";"915 Watters Rd";"";"9";"3";"";"";"45.4840012";"-75.473999";"n";""
"1347";"483";"5303 Canotek Rd";"";"9";"3";"";"";"45.4524002";"-75.5892029";"n";""
"1348";"484";"471 Cosburn Ave";"";"12";"3";"";"";"43.6531982";"-79.3832016";"n";""
"1349";"485";"460 Bronson Ave";"";"9";"3";"";"";"45.4080009";"-75.7039032";"n";""
"1350";"486";"9715 118 Ave";"";"40";"11";"";"";"53.5703011";"-113.4929962";"n";""
"1351";"487";"7610, rue Saint-Hubert";"";"20";"4";"";"";"45.5087013";"-73.5540009";"n";""
"1352";"488";"637 Somerset St W";"";"9";"3";"";"";"45.4119987";"-75.7049026";"n";""
"1353";"489";"1663 Cyrville Rd";"";"9";"3";"";"";"45.4179001";"-75.6081009";"n";""
"1354";"490";"1682 Cyrville Rd";"";"9";"3";"";"";"45.4175987";"-75.6075974";"n";""
"1355";"492";"1605, rue Dollard";"";"60";"4";"";"";"45.4280014";"-73.629303";"n";""
"1356";"493";"80 A Dundas St E";"";"12";"3";"";"";"43.6563988";"-79.3779984";"n";""
"1357";"0";"5751 Av de Monkland";"";"20";"4";"";"";"45.4738998";"-73.6246033";"n";""
"1358";"0";"898 College St";"";"12";"3";"";"";"43.6539001";"-79.4255981";"n";""
"1359";"496";"";"";"20";"4";"";"";"45.5087013";"-73.5540009";"n";""
"1360";"497";"930 King St W";"";"12";"3";"";"";"43.6422997";"-79.4112015";"n";""
"1361";"498";"423 Queen Street West";"";"12";"3";"";"";"43.6487999";"-79.3952026";"n";""
"1362";"499";"746 Queen St W";"";"12";"3";"";"";"43.6459999";"-79.4101028";"n";""
"1363";"500";"641 Somerset St W";"";"9";"3";"";"";"45.4118996";"-75.7050018";"n";""
"1364";"0";"600 Terry Fox Drive";"K2L 4B6";"9";"3";"(123) 456-7890";"e@example.com";"45.2997054";"-75.9048498";"n";""
"1365";"502";"195 Kent St";"";"9";"3";"";"";"45.4174995";"-75.7008972";"n";""
"1366";"504";"2194 Robertson Rd";"";"9";"3";"";"";"45.3188019";"-75.8402023";"n";""
"1367";"505";"267 Bay St";"";"9";"3";"";"";"45.4150009";"-75.7037964";"n";""
"1368";"506";"1300 Bank St";"";"9";"3";"";"";"45.3902016";"-75.6793976";"n";""
"1369";"507";"600 Terry Fox Drive";"K2L 4B6";"9";"3";"(123) 456-7890";"e@e.com";"45.2997054";"-75.9048498";"n";""
"1370";"508";"4944 Dundas St W";"";"69";"3";"";"";"43.6483002";"-79.5294037";"n";""
"1371";"509";"354 Rideau St";"";"9";"3";"";"";"45.4295006";"-75.6836014";"n";""
"1372";"510";"2525, rue Provost";"";"36";"4";"";"";"45.4417992";"-73.6867981";"n";""
"1373";"511";"886 ch de Chambly";"";"44";"4";"";"";"45.5354004";"-73.4963989";"n";""
"1374";"512";"5516 Osgoode Main S";"";"64";"3";"";"";"45.1515999";"-75.5940018";"n";""
"1375";"513";"506 Main St W";"";"27";"3";"";"";"45.0929985";"-75.3541031";"n";""
"1376";"514";"33, rue Gamelin";"";"21";"4";"";"";"45.4328003";"-75.7333984";"n";""
"1377";"515";"654 Spadina Ave";"";"12";"3";"";"";"43.6633987";"-79.4023972";"n";""
"1378";"516";"571 College St";"";"12";"3";"";"";"43.6553001";"-79.4129028";"n";""
"1379";"517";"692 Yonge St";"";"12";"3";"";"";"43.6677017";"-79.3859024";"n";""
"1380";"0";"1950, ch du Fer � Cheval";"";"65";"4";"";"";"45.5752983";"-73.3279037";"n";""
"1381";"519";"50, rue Rachel E";"";"20";"4";"";"";"45.5185013";"-73.5811996";"n";""
"1382";"0";"1820, ch de Chambly";"";"44";"4";"";"";"45.5298004";"-73.4824982";"n";""
"1383";"521";"5164 Dundas St W";"";"69";"3";"";"";"43.6430016";"-79.5342026";"n";""
"1384";"523";"2778, boul Jacques Cartier";"";"44";"4";"";"";"45.5657997";"-73.4502029";"n";""
"1385";"524";"6250, boul Cousineau";"";"53";"4";"";"";"45.4939995";"-73.4065018";"n";""
"1386";"525";"5250, rue Jarry E";"";"20";"4";"";"";"45.5830002";"-73.5921021";"n";""
"1387";"527";"5836, ch de Chambly";"";"53";"4";"";"";"45.4996986";"-73.4100037";"n";""
"1388";"528";"4905 Boulevard Lapiniere 1700";"";"52";"4";"";"";"45.4497986";"-73.4339981";"n";""
"1389";"529";"123 fake st";"";"9";"3";"";"";"45.4215012";"-75.697197";"n";""
"1390";"530";"37, route 132";"";"49";"4";"";"";"45.3874016";"-73.5692978";"n";""
"1391";"531";"5560 boul Grande All�e";"";"53";"4";"";"";"45.4757996";"-73.444397";"n";""
"1392";"532";"125 Preston St";"";"9";"3";"";"";"45.4081001";"-75.7137985";"n";""
"1393";"533";"1001 Queen Elizabeth Dr";"";"9";"3";"";"";"45.3963013";"-75.7057037";"n";""
"1394";"534";"1421, ch Gascon";"";"43";"4";"";"";"45.7098999";"-73.6521988";"n";""
"1395";"535";"11 Windsor Dr";"";"66";"3";"";"";"44.6029015";"-75.7022018";"n";""
"1396";"537";"4413 17 Ave SE ";"";"68";"11";"";"";"51.0377998";"-113.9700012";"n";""
"1397";"538";"2-4602 17 Ave SE";"";"68";"11";"";"";"51.0133018";"-114.1029968";"n";""
"1398";"539";"1A-5268 Marlborough Dr NE";"";"68";"11";"";"";"51.0601006";"-113.9589996";"n";""
"1399";"540";"2641, rue Masson";"";"20";"4";"";"";"45.5457001";"-73.5764008";"n";""
"1400";"541";"6078, ch de Chambly";"";"53";"4";"";"";"45.4980011";"-73.405899";"n";""
"1401";"542";"4931, rue Beaubien E";"";"20";"4";"";"";"45.5708008";"-73.5727005";"n";""
"1402";"543";"4260, rue Beaubien E";"";"20";"4";"";"";"45.5639992";"-73.5783005";"n";""
"1403";"544";"5320 8 Ave SE";"";"68";"11";"";"";"51.0452003";"-113.9570007";"n";""
"1404";"0";"214, boul Churchill";"";"48";"4";"";"";"45.493";"-73.4854965";"n";""
"1405";"546";"8265, boul Taschereau";"";"52";"4";"";"";"45.4463997";"-73.4702988";"n";""
"1406";"547";"1356 Clyde Ave";"";"9";"3";"";"";"45.3632011";"-75.7408981";"n";""
"1407";"548";"2900 Woodroffe Ave";"";"9";"3";"";"";"45.2924004";"-75.7281036";"n";""
"1408";"549";"3780 Fallowfield Rd";"";"9";"3";"";"";"45.2869987";"-75.7591019";"n";""
"1409";"550";"1022 Pleasant Park Rd";"";"9";"3";"";"";"45.3955002";"-75.6220016";"n";""
"1410";"0";"1577 Alta Vista Dr";"";"9";"3";"";"";"45.408699";"-75.6580963";"n";""
"1411";"552";"3018 St Joseph Blvd";"";"9";"3";"";"";"45.476799";"-75.5139008";"n";""
"1412";"553";"223 Laurier Ave E";"";"9";"3";"";"";"45.4258003";"-75.6817017";"n";""
"1413";"554";"589 Bank St";"";"9";"3";"";"";"45.4077988";"-75.6910019";"n";""
"1414";"557";"120, rue Grande-�le";"";"71";"4";"";"";"45.2647018";"-74.1334991";"n";""
"1415";"558";"835, boul Yvon L'Heureux";"";"70";"4";"";"";"45.5806007";"-73.2145996";"n";""
"1416";"0";"1165, boul Monseigneur Langlois";"";"71";"4";"";"";"45.2699013";"-74.1362991";"n";""
"1417";"560";"425 McArthur Avenue";"";"9";"3";"";"";"45.4323006";"-75.6468964";"n";""
"1418";"562";"654 Montreal Rd";"";"9";"3";"";"";"45.4430008";"-75.6408997";"n";""
"1419";"563";"2108 Montreal Rd";"";"9";"3";"";"";"45.448101";"-75.5923004";"n";""
"1420";"564";"239, boul St Luc";"";"47";"4";"";"";"45.351799";"-73.2931976";"n";""
"1421";"565";"501, boul du S�minaire N";"";"47";"4";"";"";"45.3279991";"-73.2830963";"n";""
"1422";"566";"1900 Innes Rd";"";"9";"3";"";"";"45.4179993";"-75.5960999";"n";""
"1423";"0";"5524 Manotick Main St";"";"9";"3";"";"";"45.2260017";"-75.6855011";"n";""
"1424";"569";"1319 Shillington Ave";"";"9";"3";"";"";"45.3792";"-75.7321014";"n";""
"1425";"0";"344, Mont�e du Comt�";"";"73";"4";"";"";"45.2654991";"-74.2197037";"n";""
"1426";"572";"1227 Kilborn Ave";"";"9";"3";"";"";"45.3857002";"-75.6707001";"n";""
"1427";"573";"2701 St Joseph Blvd";"";"9";"3";"";"";"45.4720993";"-75.5230026";"n";""
"1428";"575";"2641, rue Masson";"";"20";"4";"";"";"45.5457001";"-73.5764008";"n";""
"1429";"576";"4303 17 Ave SE";"";"68";"11";"";"";"51.0377998";"-113.9729996";"n";""
"1430";"577";"7-5147 20 Ave SE";"";"68";"11";"";"";"51.0112991";"-114.1090012";"n";""
"1431";"578";"279, boul Jacques-Cartier";"";"85";"4";"";"";"45.5960999";"-73.4425964";"n";""
"1432";"579";"247-C, boul D'Anjou";"";"76";"4";"";"";"45.3594017";"-73.7235031";"n";""
"1433";"580";"77, boul St-Jean-Baptiste";"";"76";"4";"";"";"45.3624992";"-73.7136002";"n";""
"1434";"581";"2835 - 37 St SW";"";"68";"11";"";"";"51.0289993";"-114.1409988";"n";""
"1435";"582";"356 Preston St";"";"9";"3";"";"";"45.4017982";"-75.7102966";"n";""
"1436";"583";"2139 33 Ave SW";"";"68";"11";"";"";"51.0239983";"-114.1119995";"n";""
"1437";"584";"1101 14th St SW";"";"68";"11";"";"";"51.0430984";"-114.0950012";"n";""
"1438";"585";"72, rue St-Jean-Baptiste unit 123";"";"76";"4";"";"";"45.361599";"-73.713501";"n";""
"1439";"586";"5611, av de Monkland";"";"20";"4";"";"";"45.4754982";"-73.6229019";"n";""
"1440";"587";"2480, ch de Chambly";"";"44";"4";"";"";"45.5242996";"-73.4694977";"n";""
"1441";"588";"3838, boul Taschereau";"";"53";"4";"";"";"45.4872017";"-73.4700012";"n";""
"1442";"0";"1753�Avenue�Rd";"";"30";"3";"";"";"43.7294006";"-79.4181976";"n";""
"1443";"0";"436 14 St NW";"";"68";"11";"";"";"51.0564003";"-114.0940018";"n";""
"1444";"591";"4715 17 Ave SE";"";"68";"11";"";"";"51.0377998";"-113.9660034";"n";""
"1445";"592";"86 Murray St";"";"9";"3";"";"";"45.4296989";"-75.6936035";"n";""
"1446";"593";"3722 Innes Rd";"";"10";"3";"";"";"45.4505005";"-75.517601";"n";""
"1447";"594";"1-1 Roydon Place ";"";"17";"3";"";"";"45.3381996";"-75.7256012";"n";""
"1448";"595";"1434 17 Ave SW";"";"68";"11";"";"";"51.0377998";"-114.0950012";"n";""
"1449";"596";"643 Shawcliffe Gate SW";"";"68";"11";"";"";"50.9113998";"-114.0759964";"n";""
"1450";"597";"643 Shawcliffe Gate SW";"";"68";"11";"";"";"50.9113998";"-114.0759964";"n";""
"1451";"599";"1405 11 St SW";"";"68";"11";"";"";"51.0404015";"-114.0889969";"n";""
"1452";"600";"4000 Bridle Path Dr";"K1T 1Z5";"9";"3";"(613) 680-8484";"CALLAMER@GMAIL.COM";"45.3488007";"-75.6460037";"n";""
"1453";"601";"5630, Grande All�e";"";"53";"4";"";"";"45.4746017";"-73.4428024";"n";""
"1454";"602";"13201, rue Sherbrooke E";"";"20";"4";"";"";"45.6585007";"-73.5089035";"n";""
"1455";"603";"3023 Cedarview Rd";"";"9";"3";"";"";"45.2659988";"-75.7714005";"n";""
"1456";"0";"223, boul Cartier";"";"70";"4";"";"";"45.5535011";"-73.2152023";"n";""
"1457";"606";"213 Hunter St W";"";"78";"3";"";"";"44.3056984";"-78.3225021";"n";""
"1458";"607";"437 Sunnyside Ave";"";"9";"3";"";"";"45.3903999";"-75.6929016";"n";""
"1459";"608";"511 E Genessee St";"";"0";"0";"";"";"0.0";"0.0";"n";""
"1460";"609";"415 George St N";"";"78";"3";"";"";"44.3063011";"-78.3200989";"n";""
"1461";"611";"437 George St";"";"78";"3";"";"";"44.3070984";"-78.3201981";"n";""
"1462";"612";"527 Bronson Ave";"";"9";"3";"";"";"45.4059982";"-75.7025986";"n";""
"1463";"0";"1574 Walkley Rd";"";"9";"3";"";"";"45.3765984";"-75.6479034";"n";""
"1464";"614";"200 Deschamps Ave";"";"9";"3";"";"";"45.4367981";"-75.6644974";"n";""
"1465";"615";"180 Preston St";"";"9";"3";"";"";"45.4062996";"-75.7129974";"n";""
"1466";"616";"55 Byward Market Square";"";"9";"3";"";"";"45.4269981";"-75.6921997";"n";""
"1467";"618";"365 Westwood Dr";"";"79";"3";"";"";"43.9599991";"-78.1885986";"n";""
"1468";"620";"4000 Bridle Path Dr";"";"9";"3";"";"";"45.3488007";"-75.6460037";"n";""
"1469";"623";"33, rue de Valcourt, unit� 30";"";"21";"4";"";"";"45.4765015";"-75.7013016";"n";""
"1470";"624";"1741 Cyrville Rd";"";"9";"3";"";"";"45.4168015";"-75.6026993";"n";""
"1471";"626";"150 Queen St";"";"80";"3";"";"";"44.4290009";"-78.2673035";"n";""
"1472";"627";"512 George St";"";"78";"3";"";"";"44.2891998";"-78.3172989";"n";""
"1473";"628";"476 Brant St";"";"82";"3";"";"";"43.3270988";"-79.7998962";"n";""
"1474";"629";"3848 Innes Rd";"";"9";"3";"";"";"45.4514008";"-75.5152969";"n";""
"1475";"630";"6075, ch de Chambly";"";"53";"4";"";"";"45.4981995";"-73.4064026";"n";""
"1476";"631";"113 Peter St";"";"81";"3";"";"";"43.9500008";"-78.2830963";"n";""
"1477";"633";"253 West St N";"";"83";"3";"";"";"44.6170006";"-79.4269028";"n";""
"1478";"635";"98 Dunlop St E";"";"84";"3";"";"";"44.3894005";"-79.6865997";"n";""
"1479";"636";"16 Dunlop St E";"";"84";"3";"";"";"44.3893013";"-79.6894989";"n";""
"1480";"637";"276 Memorial Ave";"";"83";"3";"";"";"44.5964012";"-79.424202";"n";""
"1481";"638";"503 17 Ave SW";"";"68";"11";"";"";"50.9113998";"-114.0759964";"n";""
"1482";"639";"2695 Marsdale Rd";"";"78";"3";"";"";"44.2966003";"-78.3003998";"n";""
"1483";"0";"5-3780 Fallowfield Rd ";"";"9";"3";"";"";"45.2869987";"-75.7591019";"n";""
"1484";"0";"40 prom du portage";"";"21";"4";"";"";"45.4249992";"-75.7198029";"n";""
"1485";"0";"79 Montreal Rd";"";"9";"3";"";"";"45.4338989";"-75.6673965";"n";""
"1486";"645";"1380 Clyde Ave, Unit B";"";"9";"3";"";"";"45.3596001";"-75.7393036";"n";""
"1487";"0";"1750 Innes Rd";"";"9";"3";"";"";"45.4164009";"-75.6006012";"n";""
"1488";"649";"2177 Ogilvie Rd";"";"9";"3";"";"";"45.4448013";"-75.594902";"n";""
"1489";"650";"Elgin street";"";"9";"3";"";"";"45.4319";"-75.6100006";"n";""
"1490";"651";"62 Maple Ave";"";"84";"3";"";"";"44.3899002";"-79.6921005";"n";""
"1491";"652";"275 Bank St";"";"9";"3";"";"";"45.415699";"-75.6964035";"n";""
"1492";"0";"908 17 Ave SW";"";"68";"11";"";"";"51.0379982";"-114.0820007";"n";""
"1493";"656";"2138 St Joseph Blvd";"";"10";"3";"";"";"45.4667015";"-75.5345001";"n";""
"1494";"657";"1390 Prince of Wales Dr";"";"9";"3";"";"";"45.3693008";"-75.7033997";"n";""
"1495";"0";"300 Sparks St";"";"9";"3";"";"";"45.4193993";"-75.7045975";"n";""
"1496";"660";"58 Dunlop St E";"";"84";"3";"";"";"44.3893013";"-79.6869965";"n";""
"1497";"661";"19 Concession St";"";"86";"3";"";"";"44.2416992";"-76.4954987";"n";""
"1498";"662";"3175 Rutherford Rd, Unit G34";"";"87";"3";"";"";"43.8284988";"-79.5382004";"n";""
"1499";"663";"3175 Rutherford Rd, Unit 74";"";"87";"3";"";"";"43.8284988";"-79.5382004";"n";""
"1500";"664";"1775 Carling Ave";"";"0";"0";"";"";"0.0";"0.0";"n";""
"1501";"665";"185 Mackenzie Rd";"";"89";"24";"";"";"68.3566971";"-133.720993";"n";""
"1502";"666";"101 Main St";"";"88";"23";"";"";"60.7478981";"-135.1430054";"n";""
"1503";"668";"";"";"0";"0";"";"";"0.0";"0.0";"n";""
"1504";"669";"2006 Robertson Rd";"";"9";"3";"";"";"45.3238983";"-75.8271027";"n";""
"1505";"670";"411 McArthur Ave ";"";"9";"3";"";"";"45.4323006";"-75.6485977";"n";""
"1506";"0";"2920 Carling Ave";"";"9";"3";"";"";"45.3569984";"-75.8006973";"n";""
"1507";"672";"1896 Prince of Wales Dr";"";"9";"3";"";"";"45.3536987";"-75.7048035";"n";""
"1508";"673";"486 B Avenue de Buckingham";"";"93";"4";"";"";"45.5872002";"-75.4168015";"n";""
"1509";"683";"574, boul Saint-Joseph";"";"21";"4";"";"";"45.4499016";"-75.7359009";"n";""
"1510";"684";"1980 Ogilvie Rd";"";"9";"3";"";"";"45.4319";"-75.6100006";"n";""
"1511";"686";"40 Beech St";"K1S 4M8";"9";"3";"(613) 237-1641";"noemail@noemail.ca";"45.4011993";"-75.7073975";"n";""
"1512";"0";"1519 Merivale Rd";"";"9";"3";"";"";"45.3566017";"-75.7368011";"n";""
"1513";"688";"1060 Ogilvie Rd";"";"9";"3";"";"";"45.4247017";"-75.6352997";"n";""
"1514";"692";"169 York St ";"";"9";"3";"";"";"45.4300003";"-75.6892014";"n";""
"1515";"694";"3-701 Eagleson Rd";"";"4";"3";"";"";"45.287899";"-75.8677979";"n";""
"1516";"695";"730 Bank St";"K1S 2G3";"9";"3";"(613) 563-4411";"no@no.ca";"45.4040985";"-75.6891022";"n";""
"1517";"696";"1525 Banks Street";"";"9";"3";"";"";"45.3809013";"-75.6688004";"n";""
"1518";"697";"775 Bank St";"";"9";"3";"";"";"45.4035988";"-75.6885986";"n";""
"1519";"698";"2950 Bank Street";"";"9";"3";"";"";"45.3462982";"-75.6260986";"n";""
"1520";"699";"622 Montreal Rd";"";"9";"3";"";"";"45.4424019";"-75.6417007";"n";""
"1521";"0";"1463 Merivale Rd";"";"9";"3";"";"";"45.3605995";"-75.7330017";"n";""
"1522";"701";"2491 St-Joseph Blvd";"";"10";"3";"";"";"45.4700012";"-75.527298";"n";""
"1523";"703";"1797, rte du Carrefour";"";"90";"4";"";"";"45.5932999";"-75.6173019";"n";""
"1524";"0";"250 Centrum Blvd";"";"10";"3";"";"";"45.4803009";"-75.5106964";"n";""
"1525";"705";"3777 Strandherd Dr";"";"9";"3";"";"";"45.2681007";"-75.7494965";"n";""
"1526";"706";"57 chemin de la grande-cote";"";"91";"4";"";"";"45.6188011";"-73.8135986";"n";""
"1527";"707";"1433 Woodroffe Ave";"";"9";"3";"";"";"45.3422012";"-75.7555008";"n";""
"1528";"708";"1-1234 Merivale Road";"";"9";"3";"";"";"45.3707008";"-75.7332993";"n";""
"1529";"709";"202 Bank St";"";"9";"3";"";"";"45.4174995";"-75.6984024";"n";""
"1530";"0";"824  Mountain Rd";"";"92";"6";"";"";"46.0758018";"-64.8042984";"n";""
"1531";"711";"427 Mcarthur Ave";"K1K 1G5";"9";"3";"(613) 852-6693";"noemail@noemail.com";"45.4215012";"-75.697197";"n";""
"1532";"712";"800 Hunt Club Road";"";"9";"3";"";"";"45.3443985";"-75.6663971";"n";""
"1533";"713";"1947 Bank Street";"";"9";"3";"";"";"45.3670006";"-75.6611023";"n";""
"1534";"714";"700 March Rd";"";"9";"3";"";"";"45.3497009";"-75.9248962";"n";""
"1535";"715";"5507 Hazeldean Rd";"";"9";"3";"";"";"45.2896996";"-75.9024963";"n";""
"1536";"716";"261 Centrepointe drive";"K2G 6E8";"9";"3";"(613) 226-3888";"noemail@noemail.ca";"45.3391991";"-75.7713013";"n";""
"1537";"0";" 2525 Carling Ave";"";"9";"3";"";"";"45.3648987";"-75.7861023";"n";""
"1538";"718";"2564 St. Joseph Blvd";"";"10";"3";"";"";"45.4705009";"-75.5251007";"n";""
"1539";"719";"2564 St Joseph Boulevard";"";"10";"3";"";"";"45.4705009";"-75.5251007";"n";""
"1540";"721";"81 Richmond Rd";"";"9";"3";"";"";"45.3969002";"-75.7434006";"n";""
"1541";"722";"1105 Cobden Road";"";"9";"3";"";"";"45.3521996";"-75.7779007";"n";""
"1542";"724";"222 Hunt Club Road";"";"9";"3";"";"";"45.3348999";"-75.6920013";"n";""
"1543";"726";"1577 Laperriere";"";"9";"3";"";"";"45.3767014";"-75.745697";"n";""
"1544";"727";"4312 Innes Road";"";"10";"3";"";"";"45.4589996";"-75.4934006";"n";""
"1545";"728";"874 Clyde ave";"";"9";"3";"";"";"45.3764992";"-75.7485962";"n";""
"1546";"729";"25 Tapiola Cres";"";"9";"3";"";"";"45.3639984";"-75.6465988";"n";""
"1547";"730";"1463 Lasalle Blvd";"";"94";"3";"";"";"46.5215988";"-80.9427032";"n";""
"1548";"732";"1856, Rue Sherbrooke";"";"95";"4";"";"";"45.2784996";"-72.1278992";"n";""
"1549";"733";"600 Terry Fox Drive";"K2L 4B6";"9";"3";"(123) 456-7890";"e@e.com";"45.2997054";"-75.9048498";"n";""
"1550";"734";"1 Tartan drive";"";"9";"3";"";"";"45.2699013";"-75.7539978";"n";""
"1551";"735";"4055 Carling";"";"4";"3";"";"";"45.3380013";"-75.9076004";"n";""
"1552";"736";"1739 Walkley Rd";"";"9";"3";"";"";"45.3779984";"-75.6449966";"n";""
"1553";"0";"1202 Bank Street";"";"9";"3";"";"";"45.3918991";"-75.6815033";"n";""
"1554";"738";"291 Queen Mary St";"";"9";"3";"";"";"45.4252014";"-75.6521988";"n";""
"1555";"739";"327 St Laurent Blvd";"";"9";"3";"";"";"45.4500008";"-75.6516037";"n";""
"1556";"746";"1846 Carling Av";"";"9";"3";"";"";"45.3762016";"-75.7566986";"n";""
"1557";"748";"324 Bank Street";"";"9";"3";"";"";"45.414299";"-75.6957016";"n";""
"1558";"0";"1385 Wellington St W";"";"9";"3";"";"";"45.3981018";"-75.7396011";"n";""
"1559";"750";"69 rue Laurier";"";"21";"4";"";"";"45.4304008";"-75.7104034";"n";""
"1560";"752";"425 Donald St";"";"9";"3";"";"";"45.4283981";"-75.6495972";"n";""
"1561";"753";"870 Somerset Street West";"";"9";"3";"";"";"45.4085999";"-75.7134018";"n";""
"1562";"754";"291 Queen Mary";"";"9";"3";"";"";"45.4252014";"-75.6521988";"n";""
"1563";"756";"4 Rue Belmont";"";"23";"4";"";"";"45.3950996";"-75.8302994";"n";""
"1564";"757";"576 Montreal Road";"";"9";"3";"";"";"45.4421005";"-75.643898";"n";""
"1565";"0";"22 rue des flandres #7";"";"21";"4";"";"";"45.4710007";"-75.7182007";"n";""
"1566";"0";"2672 Innes road";"";"9";"3";"";"";"45.4325981";"-75.5622025";"n";""
"1567";"760";"292 Albert St";"";"9";"3";"";"";"45.4192009";"-75.7017975";"n";""
"1568";"761";"256 Preston Street";"";"9";"3";"";"";"45.4045982";"-75.7118988";"n";""
"1569";"762";"1374 Baseline Rd";"";"9";"3";"";"";"45.3622017";"-75.7369995";"n";""
"1570";"763";"3005 Edouard VII ";"";"96";"4";"";"";"45.3525009";"-73.4741974";"n";""
"1571";"764";"233 Laurier Ave E";"";"9";"3";"";"";"45.4215012";"-75.697197";"n";""
"1572";"0";"250 Greenbank";"";"9";"3";"";"";"45.3249016";"-75.7796021";"n";""
"1573";"767";"1577 Alta Vista Dr";"";"9";"3";"";"";"45.408699";"-75.6580963";"n";""
"1574";"768";"3320 McCarthy Road";"";"9";"3";"";"";"45.3512993";"-75.6703033";"n";""
"1575";"769";"873 Bank Street";"";"9";"3";"";"";"45.4009018";"-75.6869965";"n";""
"1576";"770";"100 Castlefrank Road";"";"4";"3";"";"";"45.2937012";"-75.8817978";"n";""
"1577";"771";"109 mattingly way";"";"9";"3";"";"";"45.2677994";"-75.6970978";"n";""
"1578";"772";"83 Holland Ave";"";"9";"3";"";"";"45.4009018";"-75.732399";"n";""
"1579";"773";"819 Somerset St W";"";"9";"3";"";"";"45.4094009";"-75.7113037";"n";""
"1580";"0";"792 Somerset St W";"";"9";"3";"";"";"45.4095993";"-75.7099991";"n";""
"1581";"775";"2950 Bank Street";"";"9";"3";"";"";"45.4215012";"-75.697197";"n";""
"1582";"0";"";"";"9";"3";"";"";"45.4215012";"-75.697197";"n";""
"1593";"800";"600 Terry Fox Drive";"K2L 4B6";"4";"3";"(072) 045-6789";"stefan1@menu.ca1";"45.3003998";"-75.9067993";"n";""
"1594";"0";"600 Terry Fox Drive";"K2L 4B6";"9";"3";"(123) 456-7890";"example@menu.ca";"45.2997054";"-75.9048498";"n";""
"1595";"114";"2047 Dovercourt Avenue";"K2A 0X2";"9";"4";"(001) 123-4567";"stefan@menu.ca";"45.3784528";"-75.7689956";"y";""
"1596";"0";"1st Street";"";"101";"0";"(613) 222-3333";"";"45.3444726";"-75.6340193";"n";""
"1597";"0";"600 Terry Fox Drive";"K2L 4B6";"4";"0";"(123) 456-7890";"example@menu.ca";"45.30039";"-75.9069158";"n";""
"1598";"0";"600 Terry Fox Drive";"K2L 4B6";"101";"0";"(072) 045-6789";"";"45.30039";"-75.9069158";"n";""
"1603";"0";"600 Terry Fox Drive";"K2L 4B6";"4";"3";"(613) 680-2050";"root@example.com";"45.30039";"-75.9069158";"n";"2021-01-26 10:28:54"
"1604";"0";"600 Terry Fox Drive";"K2L 4B6";"9";"0";"(613) 123-4567";"george.nicolae85@yahoo.com";"45.30039";"-75.9069158";"n";""
"1605";"0";"600 Terry Fox Drive";"K2L 4B6";"4";"3";"(613) 123-4567";"george.nicolae85@yahoo.com";"45.30039";"-75.9069158";"n";"2020-11-12 12:34:51"
"1608";"0";"600 Terry Fox Drive";"K2L 4B6";"4";"3";"(613) 123-4567";"george@menu.ca";"45.30039";"-75.9069158";"n";"2020-12-07 11:44:32"
"1609";"0";"727 Churchill Avenue";"P3A 3Z7";"9";"3";"(613) 688-4444";"rupinder.pal@hotmail.com";"46.512539";"-80.9345621";"n";"2021-01-26 09:38:45"
"1610";"0";"600 Terry Fox Drive";"K2L 4B6";"101";"11";"(613) 680-2050";"";"45.30039";"-75.9069158";"n";"2021-01-26 10:47:20"
"1611";"0";"2560 Bank Street";"K1T 1M9";"9";"3";"(613) 733-4444";"george@menu.ca";"45.353583";"-75.6411234";"y";"2021-05-26 07:39:48"
"1612";"0";"2529 Baseline Road";"K2C 0E3";"9";"3";"(613) 829-5777";"george@menu.ca";"45.3423601";"-75.7854845";"n";"2021-12-08 06:13:28"
"1613";"0";"123 Terry Fox Street";"L6B 0R1";"101";"3";"(613) 825-7755";"";"43.8870468";"-79.2283879";"n";"2022-01-05 12:35:45"
"1614";"0";"2126 Apple Leaf Way";"";"101";"3";"(613) 123-1123";"";"0.0";"0.0";"n";"2022-01-05 12:36:49"
"1615";"0";"201 Marier Avenue";"K1L 5R6";"18";"3";"(613) 742-4411";"samir1boulos@hotmail.com";"45.4391141";"-75.6632652";"n";"2022-01-10 12:47:03"
"1616";"0";"7772 Jeanne d'Arc Boulevard North";"K1C 2J1";"101";"3";"";"";"45.4823197";"-75.5279578";"n";"2022-01-11 12:22:44"
"1617";"0";"2225 Saint Laurent Boulevard";"K1G 1B2";"0";"3";"(613) 737-3198";"";"45.3895818";"-75.6173986";"n";"2022-01-13 12:34:13"
"1618";"0";"1536 Clyde Avenue";"K2C 3Z4";"9";"3";"(613) 123-4567";"george@menu.ca";"45.3619189";"-75.7406477";"n";"2022-01-19 15:01:03"
"1619";"0";"1105 Cobden Road";"K2C 2Z1";"0";"3";"";"";"45.3529962";"-75.7779981";"n";"2022-01-19 15:01:42"
"1620";"0";"125 Preston Street";"K1R 7P3";"0";"3";"";"";"45.4080395";"-75.7138457";"n";"2022-01-26 12:54:31"
"1621";"0";"375 Des �pinettes Avenue";"K1E 3E6";"101";"3";"";"";"45.4661877";"-75.4957745";"n";"2022-01-27 13:40:32"
"1622";"0";"2126 Apple Leaf Way";"K1W 1J7";"9";"4";"(613) 413-2250";"yanni.bouziotas@gmail.com";"45.484538";"-75.646757";"n";"2022-01-31 13:08:25"
"1623";"0";"2126 Apple Leaf Way";"";"101";"4";"(613) 413-2250";"";"0.0";"0.0";"n";"2022-01-31 13:15:16"
"1624";"0";"2126 Apple Leaf Way";"K1W 1J7";"9";"3";"(161) 341-3225";"yanni.bouziotas@gmail.com";"0.0";"0.0";"n";"2022-02-07 13:01:48"
"1625";"0";"1 Rideaucrest Drive, Barrhaven, ON";"K2G 6A4";"9";"3";"(613) 823-2224";"noemail@noemail.ca";"0.0";"0.0";"n";"2022-02-22 13:16:22"
"1626";"0";"4 Rue Belmont";"J9H 6J5";"23";"4";"(819) 682-8494";"noname@noname.ca";"45.3950698";"-75.8303042";"n";"2022-02-25 15:06:27"
"1627";"0";"2666 Alta Vista Dr, Ottawa, ON";"K1V 7T4";"9";"3";"(613) 521-1102";"noemail@noemail.ca";"0.0";"0.0";"n";"2022-03-03 14:27:42"
"1628";"0";"3-701 Eagleson Road";"K2M 2G1";"4";"3";"(613) 592-7888";"no@no.ca";"45.2874392";"-75.8668453";"n";"2022-03-08 13:57:28"
"1629";"0";"886 Dynes Road, Ottawa, On";"K2C 0G8";"9";"3";"(613) 224-7343";"no@no.ca";"0.0";"0.0";"n";"2022-03-10 12:40:34"
"1630";"0";"121 Preston Street";"K1R 7P3";"9";"3";"(613) 421-1777";"no@no.ca";"45.408147";"-75.7137981";"n";"2022-03-15 13:37:51"
"1631";"0";"273 Boulevard Saint-Ren� Ouest";"J8P 2V7";"21";"4";"(819) 663-7710";"no@no.ca";"45.4919059";"-75.6580371";"n";"2022-03-15 14:13:05"
"1632";"0";"1896 Prince of Wales Drive";"K2C 1P5";"9";"3";"(613) 224-7700";"No@no.ca";"45.3538415";"-75.7048504";"n";"2022-03-24 12:45:02"
"1633";"0";"792 Somerset Street West";"K1R 6R2";"11";"3";"(613) 366-2356";"no@no.ca";"45.4096257";"-75.7101526";"n";"2022-03-30 14:50:50"
"1634";"0";"1390 Prince of Wales Drive";"K2C 3N2";"9";"3";"(613) 225-1238";"jayjaylu34@gmail.com";"45.3692644";"-75.7033982";"n";"2022-10-12 05:22:32"
"1635";"0";"714 Gladstone Avenue";"K1R 6X3";"9";"3";"(613) 233-1000";"george@menu.ca";"45.4073655";"-75.7044226";"y";"2023-04-24 05:41:39"
"1636";"0";"585 Montr�al Road";"K1K 4K3";"9";"3";"(613) 745-5555";"mahde_ghandour@hotmail.com";"45.4422399";"-75.6447219";"y";"2023-04-25 06:14:07"
"1637";"0";"1078 Merivale Road";"K1Z 6A8";"9";"3";"(613) 722-7777";"kirkwoodottawapizza@gmail.com";"45.3775136";"-75.7335912";"y";"2023-08-04 00:37:45"
"1638";"0";"87 Main Street";"K0C 1X0";"103";"3";"(343) 483-0143";"Shawarma_depot@hotmail.com";"44.9009657";"-75.1819458";"n";"2023-09-06 05:33:25"
"1639";"0";"4042 Innes Road";"K1C 1T1";"10";"3";"(613) 841-4999";"info@riverpizza.ca";"45.4551013";"-75.5051859";"y";"2023-11-13 04:21:33"
"1640";"0";"5960 Rue Sherbrooke Est";"H1N 1B8";"20";"4";"(514) 254-7002";"contact@genki-sushi.ca";"45.5762856";"-73.5466542";"n";"2023-12-18 05:41:32"
"1641";"0";"40 Beech Street";"K1S 4M8";"9";"3";"(613) 237-1641";"george@menu.ca";"45.4009072";"-75.7078263";"y";"2023-12-20 01:41:07"
"1642";"0";"1 Rue Cholette";"J8Y 1J5";"21";"4";"(819) 775-4343";"lanawab4@gmail.com";"45.4534376";"-75.751997";"y";"2024-01-04 03:44:29"
"1643";"0";"Jeanne-d' Arc Boulevard";"K1C 2R5";"9";"3";"(613) 830-3276";"george@menu.ca";"45.4846138";"-75.5189704";"n";"2024-01-10 04:28:41"
"1654";"0";"6505 Jeanne d'Arc Boulevard North";"K1C 2R1";"10";"3";"(613) 837-8000";"cosenzapizzas@gmail.com";"45.4799512";"-75.536921";"y";"2024-02-05 07:32:48"
"1655";"0";"1610 Merivale Road";"K2G 4A1";"17";"3";"(613) 225-3297";"george@menu.ca";"45.3484699";"-75.7324186";"n";"2024-02-15 05:50:59"
"1656";"0";"1831 Robertson Road";"K2H 8X3";"17";"3";"(613) 721-0007";"george@menu.ca";"45.3282713";"-75.8194738";"n";"2024-02-20 00:58:29"
"1657";"0";"120 Rue Richelieu";"J3B 6X4";"47";"4";"(450) 346-5535";"uddinsantino@gmail.com";"45.3047677";"-73.2511136";"y";"2024-03-12 07:46:07"
"1658";"0";"435 Mont�e de la Source";"J8V 3B5";"104";"4";"(819) 607-0712";"alexandra@menu.ca";"45.5394242";"-75.7727738";"y";"2024-03-19 04:07:42"
"1659";"0";"1009 Chemin de Masson";"J8M 1R4";"21";"4";"(819) 986-2222";"alexandra@menu.ca";"45.55781";"-75.41977";"y";"2024-03-19 09:50:31"
"1660";"0";"1096 Chemin de Montr�al Ouest";"J8M 2C1";"21";"4";"(819) 617-3434";"alexandra@menu.ca";"45.5225471";"-75.4909607";"y";"2024-03-19 09:51:30"
"1661";"0";"842 Boulevard Maloney Est";"J8P 1H1";"21";"4";"(819) 893-1555";"alexandra@menu.ca";"45.4847804";"-75.6077643";"y";"2024-03-19 09:52:15"
"1662";"0";"922 Boulevard Maloney Est";"J8P 1H5";"21";"4";"(819) 893-3434";"alexandra@menu.ca";"45.4900364";"-75.5945722";"y";"2024-03-19 09:52:53"
"1663";"0";"405 Boulevard de l'H�pital";"J8T 8E2";"21";"4";"(819) 568-1109";"alexandra@menu.ca";"45.4898982";"-75.6891636";"y";"2024-03-19 09:54:38"
"1664";"0";"1783 Rue Saint-Louis";"J8T 4H2";"21";"4";"(819) 568-0000";"alexandra@menu.ca";"45.4678122";"-75.7247304";"y";"2024-03-19 09:55:14"
"1665";"0";"3515 Albion Road South";"K1T 1P1";"9";"3";"(613) 248-1111";"albionzwz@gmail.com";"45.354303";"-75.6427761";"y";"2024-04-22 14:40:43"
"1666";"0";"250 Boulevard Maisonneuve";"J8X 3N8";"21";"4";"(819) 243-8181";"george@menu.ca";"45.4352647";"-75.7119544";"n";"2024-05-31 23:22:23"
"1667";"0";"95 Rue Saint-�tienne";"J8X 1J7";"21";"4";"(819) 772-9883";"alexandra@menu.ca";"45.4338677";"-75.7157922";"n";"2024-07-17 14:11:11"
"1668";"0";"1606 Battler Road";"N2R 1J6";"34";"3";"(519) 894-0002";"farid0823@yahoo.com";"43.3964233";"-80.4625586";"y";"2024-07-17 14:18:41"
"1669";"0";"548 Chemin d'Aylmer";"J9H 1B1";"21";"4";"(819) 684-2289";"tony_geara@hotmail.com";"45.3981499";"-75.8114176";"n";"2024-08-13 08:50:49"
"1670";"0";"34 Grenfell Crescent";"K2G 0G2";"9";"3";"(613) 225-2224";"capitalbites2@gmail.com";"45.3222117";"-75.7212497";"y";"2024-09-04 06:33:53"
"1671";"0";"3515 Albion Road South";"K1T 1P1";"9";"3";"(613) 248-1111";"yassernazar@hotmail.com";"45.3542895";"-75.6427696";"y";"2024-10-03 15:25:47"
"1672";"0";"4 Rue d'Orl�ans";"J8T 5V1";"108";"0";"(819) 568-8333";"";"45.4811876";"-75.7009465";"n";""
"1673";"0";"4 Rue d'Orl�ans";"J8T 5V1";"21";"4";"(819) 568-8333";"michel_sabbagh63@hotmail.com";"45.4811876";"-75.7009465";"y";"2024-11-07 08:58:06"
"1674";"0";"4000 Bridle Path Drive";"K1T 2C4";"9";"3";"(613) 680-8484";"callamer@gmail.com";"45.3484472";"-75.6453447";"y";"2025-01-29 05:41:00"
"1675";"0";"3679 Riverside Drive";"K1V 0K8";"9";"3";"(613) 260-8555";"riversidepizzathebest@gmail.com";"45.3435952";"-75.6904654";"y";"2025-02-11 05:12:31"
"1676";"0";"4000 Bridle Path Drive, Gloucester, ON, Canada";"K1T 2C4";"22";"3";"(613) 680-8484";"george@menu.ca";"0.0";"0.0";"y";"2025-02-13 02:21:49"
"1677";"0";"1730 Montr�al Road";"K1J 6N3";"22";"3";"(613) 695-9966";"raficwz@hotmail.com";"45.4456163";"-75.6097334";"y";"2025-05-06 08:04:14"
"1678";"0";"5474 Osgoode Main Street";"K0A 2W0";"64";"3";"(613) 878-9898";"callamer@gmail.com";"45.1433906";"-75.61173";"y";"2025-06-10 09:05:34"
