id,restaurant_id,language_id,group_name,group_type,items,enabled,added_by,added_at,disabled_by,disabled_at
57,1,1,c1,crust,,y,1,2017-03-16 13:59:26,,
58,1,1,c2,crust,,y,1,2017-03-16 14:00:20,,
59,1,1,c3,crust,,y,1,2017-03-16 14:00:27,,
60,1,1,ci 1,custom_ingredient,,y,1,2017-03-16 14:03:20,,
61,1,1,ci 2,custom_ingredient,,y,1,2017-03-16 14:03:34,,
62,1,1,ci 4,custom_ingredient,,y,1,2017-03-16 14:03:49,,
63,1,1,ci 3,custom_ingredient,,y,1,2017-03-16 14:03:55,,
64,1,1,e1,extra,,y,1,2017-03-16 14:04:05,,
65,1,1,e2,extra,,y,1,2017-03-16 14:04:13,,
66,1,1,32,crust,,y,1,2017-03-16 17:22:30,,
67,1,1,32,crust,,y,1,2017-03-16 17:22:56,,
68,1,1,1233,crust,,y,1,2017-03-17 04:24:16,,
69,1595,1,Pizza Toppings,custom_ingredient,,y,24,2017-03-17 12:31:30,,
70,1595,1,Burgers Extras,extra,,y,24,2017-03-17 13:24:24,,
72,1595,1,Burger Toppings,custom_ingredient,,y,24,2017-03-17 13:40:12,,
73,1595,1,Crust type,crust,,y,24,2017-03-17 13:50:38,,
74,1595,1,Wings Sauces,sauce,,y,24,2017-03-17 14:09:55,,
75,1595,1,Salad Dressings,dressing,,y,24,2017-03-17 14:14:04,,
76,1595,1,Sandwiches Garnishes,custom_ingredient,,y,24,2017-03-17 14:20:39,,
77,1595,1,Sandwiches Sauces,sauce,,y,24,2017-03-17 15:48:46,,
78,1595,1,More Cheese for Subs,extra,,y,24,2017-03-17 15:55:06,,
79,1595,1,Donair Sub Sauces,sauce,,y,24,2017-03-17 15:59:23,,
80,1595,1,Poutine Toppings,custom_ingredient,,y,24,2017-03-17 16:18:07,,
81,1595,1,Dips,sauce,,y,24,2017-03-17 16:39:32,,
82,1595,1,Drinks 591ml with Prices,drink,,y,24,2017-03-17 16:40:10,,
83,1,1,pt,premium_toppings,,y,1,2017-03-21 15:07:17,,
84,1595,1,Premium Toppings,premium_toppings,,y,24,2017-03-21 15:23:45,,
85,1,1,dip group 1,dip,,y,1,2017-03-21 15:51:45,,
86,1,1,d1,drink,,y,1,2017-03-29 15:42:30,,
87,1,1,d2,drink,,y,1,2017-03-29 17:35:04,,
88,1,1,d3,drink,,y,1,2017-03-29 17:35:14,,
89,1595,1,tttt,crust,,y,1,2018-03-02 07:19:39,,
90,1595,1,tttt1,crust,,y,1,2018-03-02 07:19:52,,
91,1595,1,tttt1,crust,,y,1,2018-03-02 07:20:59,,
92,1595,1,Pizza toppings,custom_ingredient,,y,1,2018-03-08 12:49:02,,
93,1596,1,Dips,sauce,,y,24,2018-06-13 12:21:33,,
94,1596,1,Extras for PASTA,extra,,y,24,2018-06-13 12:44:34,,
95,1596,1,Crust Type,crust,,y,24,2018-06-13 12:49:52,,
96,1596,1,Crust Type without Gluten free,crust,,y,24,2018-06-13 12:50:04,,
97,1596,1,Pizza Toppings,custom_ingredient,,y,24,2018-06-13 12:54:52,,
98,1596,1,Pizza toppings without Premium Toppings,custom_ingredient,,y,24,2018-06-13 12:55:47,,
99,1596,1,Premium Toppings,custom_ingredient,,y,24,2018-06-13 12:56:07,,
100,1282,1,123,crust,,y,36,2019-04-29 03:10:42,,
101,1597,1,Pizza Toppings,custom_ingredient,,y,24,2019-05-01 07:36:14,,
102,1597,1,Pizza Toppings without Premium,custom_ingredient,,y,24,2019-05-01 07:36:36,,
103,1597,1,Premium Pizza Toppings,custom_ingredient,,y,24,2019-05-01 07:36:56,,
104,1597,1,Crust Type,crust,,y,24,2019-05-01 07:37:48,,
105,1597,1,Crust Type without Gluten Free,crust,,y,24,2019-05-01 07:38:18,,
106,1597,1,Wings Sauces,sauce,,y,24,2019-05-01 07:54:47,,
107,1597,1,Salad Dressings,dressing,,y,24,2019-05-01 08:03:16,,
108,1597,1,Custom Ingredients for POUTINE,custom_ingredient,,y,24,2019-05-01 08:13:54,,
109,1597,1,Extra Cheese for POUTINE,extra,,y,24,2019-05-01 08:15:30,,
110,1597,1,Free Smoked Meat for POUTINE,side_dish,,y,24,2019-05-01 08:15:56,,
111,1597,1,Premium Toppings,premium_toppings,,y,24,2019-05-01 09:07:16,,
112,1597,1,Drinks with Prices,drink,,y,24,2019-05-01 09:09:27,,
113,1597,1,Large Toppings,custom_ingredient,,y,24,2019-05-01 09:22:07,,
114,1597,1,Premium Toppings Large,premium_toppings,,y,24,2019-05-01 09:22:29,,
115,1597,1,Dips,dip,,y,24,2019-05-01 09:26:30,,
120,1597,1,123,crust,,y,1,2019-05-09 14:39:56,,
121,1603,1,Crust Type,crust,,y,24,2020-01-13 15:19:29,,
122,1603,1,Crust Type without Gluten Free,crust,,y,24,2020-01-13 15:19:41,,
123,1603,1,Pizza Toppings,custom_ingredient,,y,24,2020-01-13 15:26:31,,
124,1603,1,Pizza Toppings without Premium,custom_ingredient,,y,24,2020-01-13 15:28:49,,
125,1603,1,Salad Dressings,dressing,,y,24,2020-01-13 15:44:32,,
126,1603,1,Wings Sauces,sauce,,y,24,2020-01-13 15:48:21,,
127,1603,1,Donair Sub Sauces,sauce,,y,24,2020-01-13 16:00:17,,
128,1603,1,Donair Wraps Sauces,sauce,,y,24,2020-01-13 16:06:07,,
129,1603,1,Extras for Pasta,extra,,y,24,2020-01-13 16:18:50,,
130,1603,1,Dips,dip,,y,24,2020-01-13 16:48:13,,
131,1603,1,Drinks with Prices,drink,,y,24,2020-01-28 12:19:52,,
132,1604,1,Crust Type,crust,,y,24,2020-03-15 05:56:57,,
133,1604,1,Crust Type without Gluten Free,crust,,y,24,2020-03-15 05:57:13,,
134,1604,1,Pizza Toppings,custom_ingredient,,y,24,2020-03-15 05:58:28,,
135,1604,1,Pizza Toppings without Premium Toppings,custom_ingredient,,y,24,2020-03-15 05:58:48,,
136,1604,1,Pizza Premium Toppings,custom_ingredient,,y,24,2020-03-15 05:59:06,,
137,1604,1,Dips,dip,,y,24,2020-03-16 05:34:38,,
138,1604,1,Drinks 591ml,drink,,y,24,2020-03-16 05:36:05,,
139,1604,1,Salad Dressings,dressing,,y,24,2020-03-16 06:06:18,,
140,1604,1,Wings Sauces,sauce,,y,24,2020-03-16 06:10:33,,
141,1605,1,Crust Type,crust,,y,24,2020-08-26 05:19:24,,
142,1605,1,Pizza Toppings,custom_ingredient,,y,24,2020-09-04 06:17:15,,
143,1605,1,Dipping Sauces,dip,,n,24,2020-09-04 06:19:50,,
144,1605,1,Dipping Sauces,dip,,y,24,2020-09-04 06:19:53,,
145,1605,1,Dipping Sauces,dip,,n,24,2020-09-04 06:19:57,,
146,1605,1,Drinks,drink,,y,24,2020-09-04 07:42:01,,
147,1605,1,Premium Toppings,premium_toppings,,y,24,2020-09-04 07:57:14,,
148,1605,1,Wings Sauces,sauce,,y,24,2020-09-04 08:00:21,,
149,1608,1,Shawarma & Donair Sauces,sauce,,y,40,2020-12-07 17:07:57,,
150,1608,1,Burgers Extras,extra,,y,40,2020-12-07 17:15:45,,
151,1608,1,Pasta Extras,extra,,y,40,2020-12-07 17:19:21,,
152,1608,1,Salad Dressings,dressing,,y,40,2020-12-07 17:38:26,,
153,1608,1,Wings Sauces,sauce,,y,40,2020-12-07 17:43:53,,
154,1608,1,Donair Sub Sauces,sauce,,y,40,2020-12-07 17:54:59,,
155,1608,1,Pizza Toppings,custom_ingredient,,y,40,2020-12-07 18:00:37,,
156,1608,1,Crust Type,crust,,y,40,2020-12-07 18:01:57,,
157,1608,1,Crust Type without GF,crust,,y,40,2020-12-07 18:02:17,,
158,1608,1,Pre,premium_toppings,,n,40,2020-12-07 18:11:52,,
159,1608,1,Premium Toppings,premium_toppings,,y,40,2020-12-07 18:12:20,,
160,1608,1,Pizza Dips,dip,,y,40,2020-12-07 18:12:55,,
161,1608,1,Drinks with Prices,drink,,y,40,2020-12-07 18:13:26,,
162,1611,1,Add Chicken SALADS,custom_ingredient,,y,24,2021-05-26 11:49:59,,
163,1611,1,Wings Sauces,sauce,,y,24,2021-05-26 12:01:07,,
164,1611,1,Drinks Can,drink,,y,24,2021-05-26 12:04:34,,
165,1611,1,Side Dishes for COMBOS,side_dish,,y,24,2021-05-26 12:05:19,,
166,1611,1,Extras for BURGERS,extra,,y,24,2021-05-26 12:11:31,,
167,1612,1,Crust Type,crust,,y,24,2021-12-08 13:22:56,,
168,1612,1,Crust Type without GF and Keto,crust,,y,24,2021-12-08 13:23:14,,
169,1612,1,Pizza Toppings,custom_ingredient,,y,24,2021-12-08 13:25:04,,
170,1612,1,Premium Toppings,premium_toppings,,y,24,2021-12-08 13:27:17,,
171,1612,1,Dipping Sauces,dip,,y,24,2021-12-08 13:29:07,,
172,1612,1,Vegan Nondairy Lactose Free Cheese,dressing,,y,24,2021-12-09 14:54:12,,
173,1612,1,Drinks + Aquafina with PRICES,drink,,y,24,2021-12-09 14:56:37,,
174,1614,1,Crust Type,crust,,y,24,2022-01-05 18:00:46,,
175,1613,1,Crust Type,crust,,y,24,2022-01-05 18:00:54,,
176,1615,1,Extra Skewer for Souvlaki and Brochette,extra,,y,44,2022-01-10 18:11:40,,
177,1615,1,Taco Dinner Tortillas,crust,,y,44,2022-01-10 18:31:50,,
178,1615,1,Meat for Taco Dinner,custom_ingredient,,y,44,2022-01-10 18:32:31,,
179,1615,1,Sides for Taco Dinner,side_dish,,y,44,2022-01-10 18:32:51,,
180,1615,1,Fajita Meat Options,custom_ingredient,,n,44,2022-01-10 18:39:58,,
181,1615,1,Fajita Meat Options,custom_ingredient,,y,44,2022-01-10 18:40:15,,
182,1615,1,Wing Sauces,sauce,,y,44,2022-01-10 19:08:15,,
183,1615,1,Chicken Sauces,sauce,,y,44,2022-01-10 19:09:08,,
184,1615,1,Meat or Cheese for Subs,extra,,y,44,2022-01-10 19:27:30,,
185,1615,1,Sauce for Side Orders,sauce,,y,40,2022-01-10 19:54:12,,
186,1615,1,Cheese Sticks Sauces,sauce,,y,40,2022-01-10 19:55:57,,
187,1615,1,Dips for Pizza,dip,,y,44,2022-01-10 20:08:17,,
188,1615,1,Pizza Toppings,custom_ingredient,,y,44,2022-01-10 20:10:14,,
189,1615,1,Premium Pizza Toppings,premium_toppings,,y,44,2022-01-10 20:11:01,,
190,1616,1,Poutine Toppings,custom_ingredient,,y,44,2022-01-11 17:48:08,,
191,1616,1,Poutine Substitution for Platters,side_dish,,y,44,2022-01-11 18:05:46,,
192,1616,1,Salad Dressings,dressing,,y,44,2022-01-11 18:19:41,,
193,1616,1,Shortbread Flavors,desert,,y,44,2022-01-11 18:26:43,,
194,1616,1,Wing Sauces,sauce,,y,44,2022-01-11 18:40:01,,
195,1616,1,Wing Dips,dip,,y,44,2022-01-11 18:40:19,,
196,1616,1,Sub Sauces,sauce,,y,44,2022-01-11 18:55:21,,
197,1616,1,Pizza Veggie Toppings,custom_ingredient,,y,44,2022-01-11 19:18:48,,
198,1616,1,Premium Pizza Toppings,premium_toppings,,y,44,2022-01-11 19:19:56,,
199,1616,1,Dips for Pizza,dip,,y,44,2022-01-11 19:24:27,,
200,1616,1,Lana's Sauce,sauce,,y,44,2022-01-11 20:12:34,,
201,1616,1,Sam's Sauce,sauce,,y,44,2022-01-11 20:12:51,,
202,1616,1,Pizza Crusts,crust,,y,44,2022-01-12 17:47:43,,
203,1616,1,Crust Type by G,crust,,y,40,2022-01-12 17:53:52,,
204,1616,1,g2,crust,,y,40,2022-01-12 18:22:22,,
205,1617,1,Family dinner side,side_dish,,y,44,2022-01-13 18:02:57,,
206,1617,1,Miscellaneous Sauces,sauce,,y,44,2022-01-13 18:23:20,,
207,1292,1,Breaded Shrimp for Combos,extra,,y,44,2022-01-13 22:31:40,,
208,1292,1,Side Order Sauces,sauce,,y,44,2022-01-14 17:45:32,,
209,1076,1,Extras for Specialty Noodles,extra,,y,44,2022-01-17 18:36:43,,
210,1618,1,Wing Sauces,sauce,,y,44,2022-01-20 17:50:37,,
211,1618,1,Wing Dips,dip,,y,44,2022-01-20 17:51:02,,
212,1618,1,Salad Extras,extra,,y,44,2022-01-20 18:23:13,,
213,1618,1,Protein for Souvlaki Platters,cook_method,,y,44,2022-01-20 18:45:19,,
214,1618,1,Dips for Pizza,dip,,y,44,2022-01-21 16:11:35,,
215,1618,1,Pizza Toppings,custom_ingredient,,y,44,2022-01-21 16:12:33,,
216,1618,1,Premium Pizza Toppings,premium_toppings,,y,44,2022-01-21 16:13:12,,
217,1618,1,Pop Cans,drink,,y,44,2022-01-21 16:35:17,,
218,1618,1,Chicken Substitution for Gyro Special,cook_method,,y,44,2022-01-21 16:44:20,,
219,1618,1,Pita Wrap Choices,cook_method,,y,44,2022-01-21 16:45:55,,
220,1618,1,Salads for Daily Specials,side_dish,,y,44,2022-01-21 17:04:49,,
221,1619,1,Extras for Salads,extra,,y,44,2022-01-25 20:03:56,,
222,1619,1,Wing Sauces,sauce,,y,44,2022-01-25 20:08:47,,
223,1619,1,Extras for Pastas,extra,,y,44,2022-01-25 20:23:24,,
224,1619,1,Custom Ingredients,custom_ingredient,,y,44,2022-01-25 20:32:00,,
225,1619,1,Premium Pizza Toppings,premium_toppings,,y,44,2022-01-25 20:32:21,,
226,1620,1,Custom Ingredients for Pizza,custom_ingredient,,y,44,2022-01-26 18:02:05,,
227,1620,1,Wing Sauces,sauce,,y,44,2022-01-26 18:10:57,,
228,1620,1,Garlic Bread Extras,extra,,y,44,2022-01-26 18:26:22,,
229,1621,1,Custom Ingredients for Pizza,custom_ingredient,,n,44,2022-01-27 18:48:19,,
230,1621,1,Custom Ingredients for Pizza,custom_ingredient,,n,44,2022-01-27 18:48:27,,
231,1621,1,Custom Ingredients for Pizza,custom_ingredient,,n,44,2022-01-27 18:48:48,,
232,1621,1,Custom Ingredients for Pizza,custom_ingredient,,y,44,2022-01-27 18:49:03,,
233,1621,1,Custom Ingredients for Pizza,custom_ingredient,,y,44,2022-01-27 18:49:23,,
234,1621,1,Chicken for Salad,extra,,y,44,2022-01-27 19:00:51,,
235,1621,1,Side Upgrades for Burgers,side_dish,,y,44,2022-01-27 19:14:20,,
236,1621,1,Wing Sauces,sauce,,y,44,2022-01-27 19:25:18,,
237,1621,1,Fries Upgrade,side_dish,,y,44,2022-01-27 19:29:49,,
238,1621,1,Salad for Main Dishes,side_dish,,n,44,2022-01-27 19:37:35,,
239,1621,1,Salad for Main Dishes,extra,,y,44,2022-01-28 18:47:49,,
240,1621,1,Dips for Pizza,dip,,y,44,2022-01-28 18:59:38,,
241,1621,1,Premium Pizza Toppings,premium_toppings,,y,44,2022-01-28 19:01:34,,
242,1621,1,Crusts,crust,,y,44,2022-01-28 19:06:36,,
243,1621,1,Pop Cans,drink,,y,44,2022-01-28 19:27:49,,
244,1621,1,2L Pop,drink,,y,44,2022-01-28 19:28:04,,
245,1621,1,Large Side for Meal Deal,extra,,y,44,2022-01-28 19:44:11,,
246,1623,1,Beignets Topping,cook_method,,y,44,2022-01-31 18:24:56,,
247,1623,1,Version Poutine,side_dish,,y,44,2022-01-31 18:28:37,,
248,1622,1,Extras pour Nachos,extra,,y,44,2022-02-01 18:40:41,,
249,1622,1,Extras pour Hamburger,extra,,y,44,2022-02-01 18:47:03,,
250,1622,1,Beignets Topping,dressing,,y,44,2022-02-01 18:55:35,,
251,1622,1,Sans Gluten,crust,,y,44,2022-02-02 18:36:46,,
252,1622,1,Trempettes,dip,,y,44,2022-02-02 18:37:12,,
253,1622,1,Double Pizza,extra,,y,44,2022-02-02 18:39:00,,
254,1622,1,Wing Sauces,sauce,,y,44,2022-02-02 20:16:11,,
255,1624,1,Souvlaki Stick Side,side_dish,,y,44,2022-02-07 18:18:43,,
256,1624,1,Protein for Salads,extra,,y,44,2022-02-07 18:30:26,,
257,1032,1,Side Order Sauces,sauce,,y,44,2022-02-10 17:20:32,,
258,1066,1,Side Order Sauces,sauce,,y,44,2022-02-13 22:38:48,,
259,1066,1,Chicken Szechuan Cooking Method,cook_method,,y,44,2022-02-13 22:53:23,,
260,1066,1,Soup for Dinner C,side_dish,,y,44,2022-02-13 23:21:00,,
261,1511,1,Meat Choice Protein,custom_ingredient,,y,44,2022-02-16 18:22:07,,
262,1511,1,Sauces for Extra Sauce,sauce,,y,44,2022-02-16 19:08:52,,
263,1270,1,Side for lunch combo,side_dish,,y,44,2022-02-17 18:46:08,,
264,1270,1,Side Sauces,sauce,,y,44,2022-02-17 19:17:24,,
265,1270,1,Escolar Choice,cook_method,,y,44,2022-02-17 19:46:47,,
266,1096,1,Soft Drink Cans,extra,,y,44,2022-02-21 17:41:11,,
267,1096,1,Soups for Family Dinners,side_dish,,y,44,2022-02-21 17:41:26,,
268,1625,1,Protein for main dishes,custom_ingredient,,y,44,2022-02-22 18:22:26,,
269,1625,1,Protein for Pad Thai,custom_ingredient,,y,44,2022-02-22 18:24:44,,
270,1625,1,Protein for Lunch Specials,custom_ingredient,,y,44,2022-02-22 18:25:02,,
271,1625,1,Chef Tip,extra,,y,44,2022-02-22 18:28:02,,
272,1165,1,Small Sauces,sauce,,y,44,2022-02-23 19:27:02,,
273,1165,1,Large Sauces,sauce,,y,44,2022-02-23 19:27:10,,
274,1199,1,Sauces for Combos,sauce,,y,44,2022-02-23 20:01:10,,
275,1199,1,Sauce for Chicken Balls,sauce,,y,44,2022-02-24 17:04:11,,
276,1199,1,Sauce for Almond Soo Guy,sauce,,y,44,2022-02-24 17:04:35,,
277,1199,1,Protein for Chop Suey,custom_ingredient,,y,44,2022-02-24 17:26:09,,
278,1199,1,Soft Drink Cans,drink,,y,44,2022-02-24 17:26:25,,
279,1199,1,Dry Noodles for Chop Suey,extra,,y,44,2022-02-24 17:28:01,,
280,1171,1,Spice Level,cook_method,,y,44,2022-02-25 18:53:30,,
281,1171,1,Items for Steamed Rice,side_dish,,y,44,2022-02-25 19:22:34,,
282,1626,1,Soft Drink Cans,drink,,y,44,2022-02-25 20:30:57,,
283,1626,1,Juices,drink,,y,44,2022-02-25 20:31:17,,
284,1626,1,Chicken and Shrimp for Stir Fry,custom_ingredient,,y,44,2022-02-25 20:33:05,,
285,1626,1,Ginger Stir-Fry Protein,custom_ingredient,,y,44,2022-02-25 20:33:21,,
286,1626,1,Fried Rice Options,custom_ingredient,,n,44,2022-02-25 20:33:34,,
287,1626,1,Fried Rice Options,custom_ingredient,,y,44,2022-02-25 20:33:39,,
288,1536,1,Wing Sauces,sauce,,y,44,2022-02-28 19:18:58,,
289,1536,1,Build Your Own Main Dishes,side_dish,,y,44,2022-02-28 19:26:58,,
290,1536,1,Build Your Own Rice Dishes,extra,,y,44,2022-02-28 19:27:09,,
291,1039,1,Pop Cans,drink,,y,44,2022-03-01 20:32:43,,
292,1039,1,Extra Sauces,sauce,,y,44,2022-03-01 20:33:22,,
293,1039,1,Roll up rice paper protein.,custom_ingredient,,y,44,2022-03-01 20:35:27,,
294,1039,1,Protein for Vermicelli,custom_ingredient,,y,44,2022-03-01 20:36:00,,
295,1039,1,Protein for Rice Dishes,custom_ingredient,,y,44,2022-03-01 20:36:39,,
296,1039,1,Topical Beef Leaf Rolls,custom_ingredient,,y,44,2022-03-01 20:37:44,,
297,1039,1,Protein for Noodle Soups,custom_ingredient,,y,44,2022-03-01 20:38:55,,
298,1039,1,Protein for Pad Thai,custom_ingredient,,y,44,2022-03-01 20:39:52,,
299,1627,1,Protein for Soups,custom_ingredient,,y,44,2022-03-03 19:52:39,,
300,1627,1,Dinner 1 protein,custom_ingredient,,y,44,2022-03-03 19:53:06,,
301,1627,1,Dinner 2 protein,custom_ingredient,,y,44,2022-03-03 19:53:12,,
302,1627,1,Protein for Yum Salad,custom_ingredient,,y,44,2022-03-03 20:01:05,,
303,1627,1,Seafood 25.,custom_ingredient,,y,44,2022-03-03 20:04:58,,
304,1627,1,Seafood 23.,custom_ingredient,,y,44,2022-03-03 20:05:07,,
305,1627,1,"Chicken, pork, beef",custom_ingredient,,y,44,2022-03-03 20:18:12,,
306,1627,1,"Chicken, shrimp",custom_ingredient,,y,44,2022-03-03 20:18:25,,
307,1627,1,"Chicken, beef",custom_ingredient,,y,44,2022-03-03 20:18:35,,
308,1627,1,"Chicken, pork",custom_ingredient,,y,44,2022-03-03 20:19:08,,
309,1089,1,Thai Special Protein,custom_ingredient,,y,44,2022-03-03 20:33:07,,
310,1089,1,Soft Drinks,drink,,y,44,2022-03-03 20:37:12,,
311,1089,1,Combination Plates Dishes,side_dish,,y,44,2022-03-04 17:48:23,,
312,1143,1,Sauce for Chicken Balls,sauce,,y,44,2022-03-07 19:22:31,,
313,1143,1,Sauce for Crispy Shrimp,sauce,,y,44,2022-03-07 19:35:49,,
314,1628,1,Nuts for Mixed Vegetables,custom_ingredient,,y,44,2022-03-08 19:12:21,,
315,1628,1,Dry Noodle for Chop Suey,extra,,y,44,2022-03-08 19:22:15,,
316,1628,1,Protein for Lo Mein,custom_ingredient,,y,44,2022-03-08 19:32:06,,
317,1628,1,"Thai chicken,beef,shrimp,vegetable",custom_ingredient,,y,44,2022-03-08 19:41:26,,
318,1628,1,Thai Protein,custom_ingredient,,y,44,2022-03-08 19:41:44,,
319,1628,1,Thai Protein without bbq,custom_ingredient,,y,44,2022-03-08 19:41:58,,
320,1294,1,Protein for Jalfrazi,custom_ingredient,,y,44,2022-03-09 18:55:29,,
321,1294,2,Protein pour Jalfrezi,custom_ingredient,,y,44,2022-03-09 19:23:19,,
322,1629,1,Side Order Sauces,sauce,,y,44,2022-03-10 17:55:47,,
323,1205,1,Shrimp Tikka Masala Peppers,custom_ingredient,,y,44,2022-03-14 18:17:51,,
324,1205,1,Fish Seafood Options,custom_ingredient,,y,44,2022-03-14 18:18:19,,
325,1630,1,"Chicken, Beef, Pork",custom_ingredient,,y,44,2022-03-15 18:05:44,,
326,1630,1,"Chicken, Beef",custom_ingredient,,y,44,2022-03-15 18:05:49,,
327,1630,1,"Shrimp, Squid",custom_ingredient,,y,44,2022-03-15 18:05:55,,
328,1630,1,Chicken,custom_ingredient,,n,44,2022-03-15 18:06:07,,
329,1631,1,Sauces,sauce,,y,44,2022-03-15 18:29:16,,
330,1631,1,Soft Drink Cans,drink,,y,44,2022-03-15 18:29:34,,
331,1064,1,Soups for Dinners,side_dish,,y,44,2022-03-16 17:01:10,,
332,1064,1,"Chicken, Beef",custom_ingredient,,y,44,2022-03-16 17:24:55,,
333,1064,1,Rice Roll Protein,custom_ingredient,,y,44,2022-03-16 17:25:28,,
334,1064,1,"Beef, Pork",custom_ingredient,,y,44,2022-03-16 17:31:35,,
335,1064,1,Chicken Sauce,sauce,,y,44,2022-03-16 17:39:26,,
336,1064,1,"Beef, Fish",custom_ingredient,,y,44,2022-03-17 18:30:51,,
337,1064,1,Shrimp Style,cook_method,,y,44,2022-03-17 18:31:07,,
338,1064,1,Crab Sauce,sauce,,y,44,2022-03-17 18:34:15,,
339,1064,1,"Soya, Sliced Chicken",custom_ingredient,,y,44,2022-03-17 18:34:51,,
340,1064,1,"Pork, Chicken, Beef",custom_ingredient,,y,44,2022-03-17 19:17:03,,
341,1126,1,rice paper wrap protein,custom_ingredient,,y,44,2022-03-21 17:00:35,,
342,1126,1,"Chicken,Pork,Beef",custom_ingredient,,y,44,2022-03-21 17:23:57,,
343,1273,1,Chicken Type,cook_method,,y,44,2022-03-22 17:15:38,,
344,1516,1,Tandoori Masala Protein,custom_ingredient,,y,44,2022-03-23 17:06:19,,
345,1516,1,Tikka Protein,custom_ingredient,,y,44,2022-03-23 17:08:10,,
346,1516,1,Main Dishes Protein,custom_ingredient,,y,44,2022-03-23 17:09:46,,
347,1516,1,Biryani Protein,custom_ingredient,,y,44,2022-03-23 17:11:01,,
348,1632,1,Bacon for Crazy Bread,extra,,y,44,2022-03-24 17:16:13,,
349,1632,1,Heat for Nachos,cook_method,,y,44,2022-03-24 17:16:43,,
350,1632,1,Upgrade to Poutine,side_dish,,y,44,2022-03-24 17:32:44,,
351,1632,1,Wing Sauces,sauce,,y,44,2022-03-24 17:36:47,,
352,1632,1,Pop Cans,drink,,y,44,2022-03-24 18:04:53,,
353,1632,1,Custom ingredients for Pizza,custom_ingredient,,y,44,2022-03-25 17:32:05,,
354,1632,1,Custom for Pizza 3.00,custom_ingredient,,n,44,2022-03-25 17:32:13,,
355,1632,1,Premium Pizza Toppings,premium_toppings,,y,44,2022-03-25 17:34:36,,
356,1632,1,Pizza Crusts,crust,,y,44,2022-03-25 17:35:53,,
357,1632,1,Dips for Pizza,dip,,y,44,2022-03-25 17:36:04,,
358,1039,1,Noodle Soups Extras,extra,,y,40,2022-05-30 05:51:57,,
359,1039,1,Vermicelli Extras,extra,,y,40,2022-05-30 05:58:16,,
360,1039,1,Dish of Rice and Rollup Extras,extra,,y,40,2022-05-30 06:00:35,,
361,1039,1,Noodle Soups Side Dishes,side_dish,,y,40,2022-05-30 06:01:24,,
362,1039,1,Vermicelli  and Rice Side Dishes,side_dish,,y,40,2022-05-30 06:13:06,,
363,1039,1,Rollup Side Dishes,side_dish,,y,40,2022-05-30 06:15:17,,
364,1039,1,Rice or Egg NOODLE,crust,,y,40,2022-05-30 06:17:13,,
365,1039,1,CHOICE OF MEAT for VERMICELLI BOWL/ ROLL UP WITH RICE PAPER,custom_ingredient,,y,40,2022-05-30 06:25:08,,
366,1039,1,ROLL UP WITH RICE PAPER EXTRAS,extra,,y,40,2022-05-30 06:26:48,,
367,1039,1,Extra Meat Skewers Optional,extra,,y,40,2022-05-30 06:29:11,,
368,1039,1,Sour cured pork or Shredded Pork,custom_ingredient,,y,40,2022-05-30 06:30:15,,
369,1511,1,Meat for Dinner Courses,custom_ingredient,,y,40,2022-09-14 07:50:45,,
370,1511,1,Spiciness Level,sauce,,y,40,2022-09-14 07:51:55,,
371,1511,1,Chicken or Shrimp or Tofu,custom_ingredient,,y,40,2022-09-14 07:52:21,,
372,1452,1,Pizza Toppings,custom_ingredient,,y,40,2022-09-19 06:43:39,,
373,1452,1,Premium Toppings,premium_toppings,,y,40,2022-09-19 06:44:16,,
374,1452,1,Crust Type,crust,,y,40,2022-09-19 06:45:22,,
375,1452,1,Dips,dip,,y,40,2022-09-19 07:20:00,,
376,1452,1,Drinks Cans,drink,,y,40,2022-09-19 08:27:09,,
377,1452,1,Poutine Custom Ingredients,custom_ingredient,,y,40,2022-09-19 08:33:33,,
378,1452,1,Salad Dressings,dressing,,y,40,2022-09-19 08:33:58,,
379,1452,1,No Bacon Bits,extra,,y,40,2022-09-19 08:36:40,,
380,1452,1,Subs Extra,custom_ingredient,,y,40,2022-09-19 08:49:42,,
381,1452,1,Donair Sauces,sauce,,y,40,2022-09-19 08:53:16,,
382,1452,1,Upgrade to Poutine,side_dish,,y,40,2022-09-19 08:56:13,,
383,1452,1,Burgers and Cheesburgers,custom_ingredient,,y,40,2022-09-19 08:58:34,,
384,1452,1,Chicken Burges,custom_ingredient,,y,40,2022-09-19 09:01:16,,
385,1452,1,Wings Sauces,sauce,,y,40,2022-09-19 09:05:25,,
386,1452,1,Crust Type without GF,crust,,y,40,2022-09-19 10:17:07,,
387,1452,1,Add Bacon To Crazy Bread,custom_ingredient,,y,40,2022-09-19 12:24:38,,
388,1632,1,Burgers Ingredients,custom_ingredient,,y,40,2022-09-21 09:40:16,,
389,1632,1,Sala Dressings,dressing,,y,40,2022-09-21 09:42:12,,
390,1632,1,No bacon bits please!,extra,,y,40,2022-09-21 10:21:47,,
391,1632,1,Subs Extra,custom_ingredient,,y,40,2022-09-21 10:23:19,,
392,1632,1,Donair Sauces,sauce,,y,40,2022-09-21 10:49:18,,
393,1632,1,Add Bacon,custom_ingredient,,y,40,2022-09-21 10:52:01,,
394,1632,1,Poutine & Salads Custom Ing,custom_ingredient,,y,40,2022-09-21 10:53:50,,
395,1634,1,"side dish for chicken,beef,pork",side_dish,,y,40,2022-10-12 14:06:25,,
396,1634,1,"extra meat for chicken,beef,pork",custom_ingredient,,y,40,2022-10-12 14:08:27,,
397,1634,1,Sticky and Steamed Rice,side_dish,,y,40,2022-10-12 14:21:39,,
398,1634,1,Extra Noodles,custom_ingredient,,y,40,2022-10-12 14:31:06,,
399,1635,1,The Heat Sauces,sauce,,y,40,2023-04-24 10:07:22,,
400,1635,1,The Halloumi Sauces,sauce,,y,40,2023-04-24 10:08:12,,
401,1635,1,FORK IT,custom_ingredient,,y,40,2023-04-24 10:08:53,,
402,1635,1,BURGERS Extras,extra,,y,40,2023-04-24 10:10:10,,
403,1635,1,Dips,sauce,,y,40,2023-04-24 10:11:30,,
404,1635,1,Side Dishes for COMBOS,side_dish,,y,40,2023-04-24 10:12:23,,
405,1635,1,Drinks,drink,,y,40,2023-04-24 10:14:08,,
406,1635,1,Extras for Salads,extra,,y,40,2023-04-24 10:15:09,,
407,1635,1,Wings Sauces,sauce,,y,40,2023-04-24 10:17:12,,
408,1636,1,Burgers EXTRAS,extra,,y,40,2023-04-25 10:34:41,,
409,1636,1,Side Dishes for COMBOS,side_dish,,y,40,2023-04-25 10:35:26,,
410,1636,1,Drinks,drink,,y,40,2023-04-25 10:37:04,,
411,1636,1,Extras for Salads,extra,,y,40,2023-04-25 10:37:32,,
412,1636,1,Wings Sauces,sauce,,y,40,2023-04-25 10:38:24,,
413,1637,1,Shawarma & Donairs Sauces,sauce,,y,40,2023-08-04 04:45:41,,
414,1637,1,Wings Sauces,sauce,,y,40,2023-08-04 04:57:08,,
415,1637,1,Salad Dressings,dressing,,y,40,2023-08-04 05:07:41,,
416,1637,1,Pizza Toppings,custom_ingredient,,y,40,2023-08-04 08:50:43,,
417,1637,1,Premium Toppings,premium_toppings,,y,40,2023-08-04 08:51:10,,
418,1637,1,Dipping Sauces,dip,,y,40,2023-08-04 08:51:32,,
419,1637,1,Drinks Can,drink,,y,40,2023-08-09 16:09:23,,
420,1638,1,Wings Sauces,sauce,,y,40,2023-09-06 09:50:10,,
421,1638,1,Crust Type,crust,,y,40,2023-09-06 10:24:10,,
422,1638,1,Pizza Toppings,custom_ingredient,,y,40,2023-09-06 10:24:44,,
423,1638,1,Dips,dip,,y,40,2023-09-06 10:25:00,,
424,1638,1,Premium Toppings,premium_toppings,,y,40,2023-09-06 10:25:43,,
425,1638,1,Drinks,drink,,y,40,2023-09-07 06:48:38,,
426,1639,1,Crust with GF,crust,,y,40,2023-11-13 11:32:46,,
427,1639,1,Crust NO GF,crust,,y,40,2023-11-13 11:32:58,,
428,1639,1,Pizza Toppings,custom_ingredient,,y,40,2023-11-13 11:34:32,,
429,1639,1,Premium Toppings,premium_toppings,,y,40,2023-11-13 11:35:08,,
430,1639,1,Pizza Sauce,sauce,,y,40,2023-11-13 11:35:39,,
431,1639,1,Wings Sauces,sauce,,y,40,2023-11-13 11:52:31,,
432,1639,1,Donairs Sauces,sauce,,y,40,2023-11-13 11:55:18,,
433,1639,1,Drinks Can,drink,,y,40,2023-11-15 06:57:50,,
434,1639,1,Drinks 2L,drink,,y,40,2023-11-15 06:58:26,,
435,1638,1,Salad Toppings,custom_ingredient,,y,40,2023-11-21 18:17:13,,
436,1641,1,Meat for Dinner Courses,custom_ingredient,,y,40,2023-12-22 07:52:46,,
437,1641,1,Meat for Lunch Courses,custom_ingredient,,y,40,2023-12-22 07:53:23,,
438,1641,1,Spiciness Level,sauce,,y,40,2023-12-22 07:53:50,,
439,1641,1,Chicken or Shrimp or Tofu,custom_ingredient,,y,40,2023-12-22 07:54:56,,
440,1642,2,Salad for Biryani,side_dish,,n,40,2024-01-04 09:03:24,,
441,1642,2,Salad for Biryani,side_dish,,y,40,2024-01-04 09:06:19,,
442,1639,1,Dipping Sauces,dip,,y,40,2024-01-04 16:29:30,,
443,1643,1,Crust Type,crust,,y,40,2024-01-11 07:47:16,,
444,1643,1,Crust Type without Gluten Free,crust,,y,40,2024-01-11 07:47:46,,
445,1643,1,Pizza Toppings,custom_ingredient,,y,40,2024-01-11 07:52:23,,
446,1643,1,Premium Toppings,premium_toppings,,y,40,2024-01-11 07:53:22,,
447,1643,1,Dips,dip,,y,40,2024-01-11 07:54:38,,
448,1643,1,Lana Pizza Sauce,sauce,,y,40,2024-01-11 07:56:04,,
449,1643,1,Pizza or Pesto Sauce,sauce,,y,40,2024-01-11 07:56:32,,
450,1643,1,Regular or Curd Cheese,custom_ingredient,,y,40,2024-01-11 07:56:51,,
451,1643,1,Wings Sauces,sauce,,y,40,2024-01-11 07:57:32,,
452,1643,1,Upgrade to Poutine,side_dish,,y,40,2024-01-11 07:57:59,,
453,1643,1,Burgers extra,extra,,y,40,2024-01-11 07:58:19,,
454,1643,1,Burgers ing,custom_ingredient,,y,40,2024-01-11 07:58:36,,
455,1643,1,Salads Dressings,dressing,,y,40,2024-01-11 07:58:58,,
456,1643,1,Sweet or Garlic Sauce,sauce,,y,40,2024-01-11 07:59:22,,
457,1643,1,Drinks can,drink,,y,40,2024-01-11 07:59:51,,
458,1643,1,Drinks 2 L,drink,,y,40,2024-01-11 08:00:25,,
459,1643,1,Wings Side Sauces,side_dish,,y,40,2024-01-11 08:00:40,,
460,1654,1,Crust Type,crust,,y,40,2024-02-05 13:08:39,,
461,1654,1,Pizza Toppings,custom_ingredient,,y,40,2024-02-05 13:10:07,,
462,1654,1,Premium Toppings,premium_toppings,,y,40,2024-02-05 13:10:20,,
463,1654,1,Pizza Sauces,sauce,,y,40,2024-02-05 13:10:44,,
464,1654,1,Dips,dip,,y,40,2024-02-05 13:11:21,,
465,1654,1,Wings Sauces,sauce,,y,40,2024-02-05 13:11:50,,
466,1654,1,Toppings for PASTA,custom_ingredient,,y,40,2024-02-05 13:13:08,,
467,1654,1,Chicken for SALADS,custom_ingredient,,y,40,2024-02-05 13:13:41,,
468,1655,1,Crust Type,crust,,y,40,2024-02-15 11:12:57,,
469,1655,1,Crust types without Gluten Free,crust,,y,40,2024-02-15 11:13:23,,
470,1655,1,Pizza Dips,dip,,y,40,2024-02-15 11:13:43,,
471,1655,1,Pizza Toppings,custom_ingredient,,y,40,2024-02-15 11:14:07,,
472,1655,1,Pizza Premium Toppings,premium_toppings,,y,40,2024-02-15 11:14:36,,
473,1655,1,Wings Sauces,sauce,,y,40,2024-02-15 11:31:53,,
474,1655,1,Burgers Toppings,custom_ingredient,,y,40,2024-02-15 11:35:42,,
475,1655,1,Platters Upgrades,side_dish,,y,40,2024-02-15 11:36:42,,
476,1655,1,Hamburgers Extras,extra,,y,40,2024-02-15 11:43:15,,
477,1655,1,Donair Sub Sauces,sauce,,y,40,2024-02-15 11:53:32,,
478,1655,1,No Bacon Please,extra,,y,40,2024-02-15 11:56:35,,
479,1655,1,Extra Cheese Curds for Poutine,extra,,y,40,2024-02-15 12:28:01,,
480,1656,1,Combos Side Dishes,side_dish,,y,40,2024-02-20 06:17:08,,
481,1656,1,COMBO 3 Sandwiches Selection,custom_ingredient,,y,40,2024-02-20 06:22:21,,
482,1656,1,Drinks Can,drink,,y,40,2024-02-23 07:35:01,,
483,1656,1,Sandwiches Free Ingredients,custom_ingredient,,y,40,2024-02-23 07:40:51,,
484,1656,1,Sandwiches Extra Meat,extra,,y,40,2024-02-23 07:45:03,,
485,1656,1,"Mixed Grill For Two, For Three, For Four Skewers",side_dish,,y,40,2024-02-23 08:04:16,,
486,1658,2,Ajouter une autre personne 12.99,extra,,y,40,2024-03-19 08:23:06,,
487,1658,2,Ajouter une autre personne 14.50,extra,,y,40,2024-03-19 08:23:25,,
488,1658,2,TRIO Side Dishes,side_dish,,y,40,2024-03-23 06:30:43,,
489,1658,2,Drinks Can,drink,,y,40,2024-03-23 06:36:43,,
490,1659,2,TRIO Side Dishes,side_dish,,y,40,2024-03-23 06:44:07,,
491,1659,2,Drinks Can,drink,,y,40,2024-03-23 06:49:05,,
492,1659,2,Ajouter une autre personne 12.99,extra,,y,40,2024-03-23 06:53:56,,
493,1659,2,Ajouter une autre personne 14.50,extra,,y,40,2024-03-23 06:54:15,,
494,1659,2,Wings Sauces,sauce,,y,40,2024-03-23 06:57:56,,
495,1659,2,Pizza Toppings,custom_ingredient,,y,40,2024-03-23 07:07:56,,
496,1659,2,Premium Toppings,premium_toppings,,y,40,2024-03-23 07:08:05,,
497,1659,2,Dips,dip,,y,40,2024-03-23 07:08:23,,
498,1659,2,Pizza Toppings Updated,custom_ingredient,,y,40,2024-03-23 07:21:13,,
499,1660,2,TRIO Side Dishes,side_dish,,y,40,2024-03-23 08:11:30,,
500,1660,2,Drinks Can,drink,,y,40,2024-03-23 08:11:43,,
501,1660,2,Ajouter une autre personne 12.99,extra,,y,40,2024-03-23 08:15:07,,
502,1660,2,Ajouter une autre personne 14.50,extra,,y,40,2024-03-23 08:15:17,,
503,1660,2,Pizza Toppings,custom_ingredient,,y,40,2024-03-23 08:24:52,,
504,1660,2,Premium Toppings,premium_toppings,,y,40,2024-03-23 08:25:09,,
505,1660,2,Dips,dip,,y,40,2024-03-23 08:25:19,,
506,1660,2,Wings Sauces,sauce,,y,40,2024-03-23 08:42:45,,
507,1661,2,TRIO Side Dishes,side_dish,,y,40,2024-03-23 09:19:09,,
508,1661,2,Drinks Can,drink,,y,40,2024-03-23 09:20:49,,
509,1661,2,Ajouter une autre personne 12.99,extra,,y,40,2024-03-23 09:24:39,,
510,1661,2,Ajouter une autre personne 14.50,extra,,y,40,2024-03-23 09:24:52,,
511,1661,2,Pizza Toppings,custom_ingredient,,y,40,2024-03-23 09:31:33,,
512,1661,2,Premium Toppings,premium_toppings,,y,40,2024-03-23 09:31:41,,
513,1661,2,Dips,dip,,y,40,2024-03-23 09:31:52,,
514,1661,2,Wings Sauces,sauce,,y,40,2024-03-23 09:57:40,,
515,1662,2,TRIO Side Dishes,side_dish,,y,40,2024-03-24 06:14:59,,
516,1662,2,Drinks Can,drink,,y,40,2024-03-24 06:15:11,,
517,1662,2,Ajouter une autre personne 12.99,extra,,y,40,2024-03-24 06:19:27,,
518,1662,2,Ajouter une autre personne 14.50,extra,,y,40,2024-03-24 06:19:38,,
519,1663,2,Pizza Toppings,custom_ingredient,,y,40,2024-03-24 06:33:50,,
520,1663,2,Premium Toppings,premium_toppings,,y,40,2024-03-24 06:33:57,,
521,1663,2,Dips,dip,,y,40,2024-03-24 06:34:08,,
522,1663,2,Wings Sauces,sauce,,y,40,2024-03-24 06:49:34,,
523,1664,2,Pizza Toppings,custom_ingredient,,y,40,2024-03-24 07:46:49,,
524,1664,2,Premium Toppings,premium_toppings,,y,40,2024-03-24 07:46:55,,
525,1664,2,Dips,dip,,y,40,2024-03-24 07:47:05,,
526,1663,2,Drinks Can,drink,,y,40,2024-03-25 14:53:58,,
527,1664,2,Wings Sauces,sauce,,y,40,2024-03-25 15:36:59,,
528,1664,2,Drinks Can,drink,,y,40,2024-03-25 15:39:24,,
529,1656,1,TWO PLATTERS Selection,cook_method,,y,40,2024-03-29 06:02:34,,
530,1665,1,Pizza Toppings,custom_ingredient,,y,40,2024-04-29 11:36:37,,
531,1665,1,Premium Toppings,premium_toppings,,y,40,2024-04-29 11:37:00,,
532,1665,1,Wings Sauces,sauce,,y,40,2024-04-29 11:37:17,,
533,1665,1,Dips,dip,,y,40,2024-04-29 11:37:45,,
534,1665,1,Extra Cheese for POUTINES,extra,,y,40,2024-04-29 11:38:06,,
535,1665,1,Drinks Can,drink,,y,40,2024-04-29 12:32:02,,
536,1665,1,Sandwiches Selection,side_dish,,y,40,2024-04-29 12:35:53,,
537,1666,2,Sauces for Platters,sauce,,y,40,2024-06-01 03:31:59,,
538,1666,2,Add Chicken to Salads,custom_ingredient,,y,40,2024-06-01 03:52:23,,
539,1666,2,Custom ING Nachos,custom_ingredient,,y,40,2024-06-01 04:09:31,,
540,1666,2,Sauces for SUBS,sauce,,y,40,2024-06-01 04:20:47,,
541,1666,2,Pizza Toppings,custom_ingredient,,y,40,2024-06-03 06:49:43,,
542,1666,2,Premium Toppings,premium_toppings,,y,40,2024-06-03 06:50:02,,
543,1666,2,Dips,dip,,y,40,2024-06-10 11:00:47,,
544,1666,2,Wings Sauces,sauce,,y,40,2024-06-10 11:05:40,,
545,1666,2,Drinks Can,drink,,y,40,2024-06-10 11:09:31,,
546,1666,2,Rice or Potatoes,side_dish,,y,40,2024-06-10 11:34:17,,
547,1668,1,Salad Toppings for Greek Dinners,custom_ingredient,,y,40,2024-07-21 11:32:17,,
548,1668,1,"For Gyros, Chicken Souvlaki, Pork Souvlaki DINNERS Extras",extra,,y,40,2024-07-21 11:32:38,,
549,1668,1,Drinks Can,drink,,y,40,2024-07-21 11:37:29,,
550,1668,1,BURGERS Extras,extra,,y,40,2024-07-21 11:40:37,,
551,1668,1,Sides for PITA COMBOS from Pitas & Pitas Combo and Burgers,side_dish,,y,40,2024-07-21 11:42:42,,
552,1668,1,The Mikes Classic 6oz. Burger toppings,custom_ingredient,,y,40,2024-07-21 11:45:53,,
553,1668,1,Gravy for Chicken Fingers,extra,,y,40,2024-07-21 11:49:45,,
554,1668,1,Dips for Chicken Fingers,sauce,,y,40,2024-07-21 11:50:00,,
555,1668,1,Gravy for Fish & CHips,extra,,y,40,2024-07-21 11:52:42,,
556,1668,1,Custom Ingredients for Greek Salad from SALADS,custom_ingredient,,y,40,2024-07-21 11:59:11,,
557,1668,1,Custom Ingredients for Caesar Salad from SALADS,custom_ingredient,,y,40,2024-07-21 12:01:20,,
558,1668,1,Options for Pitas,custom_ingredient,,y,40,2024-07-21 12:04:48,,
559,1668,1,Pitas EXTRAS,extra,,y,40,2024-07-21 12:05:07,,
560,1668,1,Side Dishes For Pita Combos from FAMILY COMBOS,side_dish,,y,40,2024-07-21 12:07:12,,
561,1668,1,Kidâ€™s Chicken Fingers Dipping Sauces,sauce,,y,40,2024-07-21 12:18:56,,
562,1668,1,KIDS Side Dishes,side_dish,,y,40,2024-07-21 12:19:17,,
563,1666,2,Dips for Donuts & Churros,dip,,y,40,2024-07-22 12:30:22,,
564,1285,1,Pokebowls Extras,extra,,y,40,2024-07-30 10:41:54,,
565,1285,2,Pokebowls Extras,extra,,y,40,2024-07-30 12:06:54,,
566,1669,2,Donair Sub Sauces,sauce,,y,40,2024-08-15 06:01:11,,
567,1669,2,Pizza Dessert Toppings,custom_ingredient,,y,40,2024-08-15 06:13:11,,
568,1670,1,Donair Sauces,sauce,,y,40,2024-09-04 10:45:24,,
569,1670,1,Pasta Extra Cheese,extra,,y,40,2024-09-04 10:51:12,,
570,1670,1,Crust Type,crust,,y,40,2024-09-04 11:17:02,,
571,1670,1,Pizza Toppings,custom_ingredient,,y,40,2024-09-04 11:17:36,,
572,1670,1,Wings Sauces,sauce,,y,40,2024-09-04 11:29:18,,
573,1670,1,Dips,dip,,y,40,2024-09-04 11:29:33,,
574,1666,2,2 Plats Selection,side_dish,,y,40,2024-10-02 07:50:20,,
575,1666,2,2 Wraps Selection,side_dish,,y,40,2024-10-02 07:50:55,,
576,1671,1,Pizza Toppings,custom_ingredient,,y,40,2024-10-09 05:46:00,,
577,1671,1,Premium Toppings,premium_toppings,,y,40,2024-10-09 05:46:20,,
578,1671,1,Dips,dip,,y,40,2024-10-09 05:46:33,,
579,1671,1,Wings Sauces,sauce,,y,40,2024-10-09 05:53:28,,
580,1671,1,Crazy Cheese Bread ADD BACON,custom_ingredient,,y,40,2024-10-09 06:01:17,,
581,1671,1,Drinks Can,drink,,y,40,2024-10-09 11:12:21,,
582,1671,1,Kebab Sandwich Option,side_dish,,y,40,2024-10-09 11:26:15,,
583,1670,1,Drinks Can,drink,,y,40,2024-10-10 16:25:04,,
584,1673,1,Extras for SUBS,extra,,y,40,2024-11-13 13:46:20,,
585,1673,1,Extras for Pastas,extra,,y,40,2024-11-13 13:50:58,,
586,1673,1,Pizza Toppings,custom_ingredient,,y,40,2024-11-13 14:09:34,,
587,1673,1,Premium Toppings,premium_toppings,,y,40,2024-11-13 14:09:45,,
588,1673,1,Chicken Pizza Sauces,sauce,,y,40,2024-11-13 14:10:10,,
589,1673,1,Wings Sauces,sauce,,y,40,2024-11-13 14:10:38,,
590,1673,1,Dips,dip,,y,40,2024-11-13 14:10:50,,
591,1673,1,Drinks 710ml,drink,,y,40,2024-11-13 14:18:44,,
592,1673,1,Pizza Selection,side_dish,,y,40,2024-11-13 14:22:03,,
593,1673,2,Extra Cheese for Spaghetti,extra,,y,40,2024-11-18 11:16:20,,
594,1673,2,Extras for SUBS,extra,,y,40,2024-11-18 11:45:58,,
595,1673,2,Pizza Toppings,custom_ingredient,,y,40,2024-11-18 14:42:03,,
596,1673,2,Premium Toppings,premium_toppings,,y,40,2024-11-18 14:42:42,,
597,1673,2,Dips,dip,,y,40,2024-11-18 14:42:54,,
598,1673,2,Wings Sauces,sauce,,y,40,2024-11-18 14:43:04,,
599,1673,2,Chicken Pizza Sauces,sauce,,y,40,2024-11-18 14:44:29,,
600,1673,2,Pizza Selection,side_dish,,y,40,2024-11-18 14:58:09,,
601,1673,2,Drinks 710ml,drink,,y,40,2024-11-18 14:59:41,,
602,1674,1,Wings Sauces,sauce,,y,40,2025-01-29 10:49:17,,
603,1674,1,Dessert Dipping Sauces,dip,,y,40,2025-01-29 10:57:26,,
604,1674,1,Crust Type,crust,,y,40,2025-02-03 06:35:45,,
605,1674,1,Pizza Sauces,sauce,,y,40,2025-02-03 06:38:13,,
606,1674,1,Premium Toppings (Cheeses),premium_toppings,,y,40,2025-02-03 06:38:48,,
607,1674,1,Pizza Toppings,custom_ingredient,,y,40,2025-02-03 06:39:25,,
608,1674,1,Extras for Pizza,extra,,y,40,2025-02-03 06:39:55,,
609,1674,1,Bacon for Crack Sticks,custom_ingredient,,y,40,2025-02-04 08:58:25,,
610,1674,1,Drinks,drink,,y,40,2025-02-05 15:06:16,,
611,1674,1,Dips,dip,,y,40,2025-02-05 15:15:46,,
612,1675,1,Crust Type,crust,,y,40,2025-02-11 10:27:38,,
613,1675,1,Pizza Toppings,custom_ingredient,,y,40,2025-02-11 10:28:01,,
614,1675,1,Premium Toppings,premium_toppings,,y,40,2025-02-11 10:28:11,,
615,1675,1,Dips,dip,,y,40,2025-02-11 10:28:28,,
616,1675,1,Fettuccine Alfredo Extra Chicken,extra,,y,40,2025-02-11 10:56:56,,
617,1675,1,Chicken Parmesan and Spaghetti Extras,extra,,y,40,2025-02-11 10:57:41,,
618,1675,1,Salads Extras,extra,,y,40,2025-02-11 11:00:21,,
619,1675,1,Wings Sauces,sauce,,y,40,2025-02-11 11:03:16,,
620,1675,1,Upgrade to Daniel's Famous Poutine 4.5,side_dish,,y,40,2025-02-11 11:07:42,,
621,1675,1,Poutine Toppings,custom_ingredient,,y,40,2025-02-11 11:47:16,,
622,1675,1,Daniel's Famous Poutine extra Gravy & Cheese,extra,,y,40,2025-02-11 11:48:46,,
623,1675,1,Toppings for CAalzone,custom_ingredient,,y,40,2025-02-11 11:54:04,,
624,1676,1,Veggies for Poutine,custom_ingredient,,y,40,2025-02-13 07:51:11,,
625,1676,1,Proteins for Poutine,custom_ingredient,,y,40,2025-02-13 07:51:48,,
626,1676,1,Potatoes for Poutines,custom_ingredient,,y,40,2025-02-13 07:52:14,,
627,1676,1,Cheese for Poutines,custom_ingredient,,y,40,2025-02-13 07:52:37,,
628,1676,1,Sauces for Poutines,sauce,,y,40,2025-02-13 07:53:00,,
629,1663,2,Extras for Hamburger,extra,,y,40,2025-02-18 07:06:37,,
630,1674,1,Custom ING for Salads,custom_ingredient,,y,40,2025-02-26 07:28:42,,
631,1642,2,Drinks for Combos,drink,,y,40,2025-02-28 07:24:07,,
632,1641,1,Pork or Beef,custom_ingredient,,y,40,2025-04-17 16:04:26,,
633,1641,1,Extra Sauce,sauce,,y,40,2025-04-17 16:12:40,,
634,1641,1,Drinks (355 ml Can),drink,,n,40,2025-04-17 16:22:36,,
635,1641,1,Drinks (355 ml Can),drink,,n,40,2025-04-17 16:24:31,,
636,1641,1,Drinks (355 ml Can),drink,,n,40,2025-04-17 16:24:59,,
637,1641,1,Drinks (355 ml Can),drink,,y,40,2025-04-17 16:29:05,,
638,1677,1,Pizza Crust,crust,,y,40,2025-05-07 17:39:30,,
639,1677,1,Crustless Pizza,extra,,y,40,2025-05-07 17:40:13,,
640,1677,1,Pizza Sauces,sauce,,y,40,2025-05-07 17:40:51,,
641,1677,1,Pizza Regular Toppings,custom_ingredient,,y,40,2025-05-07 17:42:58,,
642,1677,1,Premium Toppings,premium_toppings,,y,40,2025-05-07 17:43:26,,
643,1677,1,Dips,dip,,y,40,2025-05-07 17:43:53,,
644,1677,1,Drinks 355ml,drink,,y,40,2025-05-07 19:08:42,,
645,1677,1,12 Inches SUBS,side_dish,,y,40,2025-05-07 19:31:43,,
646,1677,1,Wings Sauces,sauce,,y,40,2025-05-07 20:22:31,,
647,1668,1,Mikes Poutine Meat Selection,custom_ingredient,,y,40,2025-05-17 14:04:32,,
648,1668,1,Chicken Souvlaki Skewers,side_dish,,y,40,2025-05-17 14:19:26,,
649,1670,1,Walk In Special Pizza Toppings (no steak no chicken),custom_ingredient,,y,40,2025-07-18 15:18:55,,
